close,high,low,date
"26,370.00","26,388.00","26,320.00",20251201
"26,365.00","26,393.00","26,341.50",20251128
"26,375.50","26,391.50","26,359.00",20251127
"26,376.50","26,390.00","26,354.00",20251126
"26,373.00","26,392.00","26,357.50",20251125
"26,375.50","26,391.50","26,312.50",20251124
"26,353.00","26,386.50","26,353.00",20251121
"26,376.00","26,386.00","26,354.50",20251120
"26,377.00","26,387.50","26,351.00",20251119
"26,383.00","26,386.50","26,325.00",20251118
"26,355.00","26,367.50","26,310.00",20251117
"26,350.00","26,368.50","26,332.50",20251114
"26,355.00","26,369.50","26,306.00",20251113
"26,355.00","26,368.00","26,305.00",20251112
"26,315.00","26,333.00","26,293.50",20251111
"26,300.00","26,326.50","26,282.00",20251110
"26,310.00","26,330.00","26,293.00",20251107
"26,315.00","26,338.00","26,298.00",20251106
"26,322.50","26,345.00","26,302.50",20251105
"26,320.00","26,341.00","26,302.50",20251104
"26,312.00","26,326.50","26,275.00",20251103
"26,315.00","26,338.50","26,291.50",20251031
"26,330.00","26,342.00","26,295.00",20251030
"26,336.00","26,339.00","26,305.00",20251029
"26,328.00","26,338.00","26,287.50",20251028
"26,305.00","26,345.00","26,276.50",20251027
"26,305.00","26,346.00","26,291.00",20251024
"26,332.00","26,351.50","26,315.00",20251023
"26,347.50","26,356.00","26,290.00",20251022
"26,343.00","26,352.50","26,331.50",20251021
"26,342.50","26,360.00","26,334.50",20251020
"26,342.00","26,349.50","26,331.50",20251017
"26,335.00","26,356.00","26,322.50",20251016
"26,340.00","26,359.50","26,322.50",20251015
"26,355.50","26,364.00","26,305.00",20251014
"26,345.00","26,357.50","26,320.00",20251013
"26,340.00","26,402.50","26,325.00",20251010
"26,347.50","26,428.50","26,336.00",20251009
"26,360.00","26,373.50","26,342.00",20251008
"26,365.00","26,385.00","26,347.50",20251007
"26,365.00","26,406.50","26,349.00",20251006
"26,381.00","26,399.00","26,363.50",20251003
"26,395.50","26,425.00","26,369.00",20251002
"26,410.00","26,429.00","26,351.00",20251001
"26,427.00","26,432.00","26,404.50",20250930
"26,421.00","26,433.50","26,395.00",20250929
"26,410.00","26,422.50","26,383.00",20250926
"26,405.00","26,428.00","26,391.50",20250925
"26,419.00","26,432.00","26,365.00",20250924
"26,420.00","26,436.00","26,370.00",20250923
"26,417.50","26,428.00","26,360.00",20250922
"26,382.50","26,405.00","26,362.50",20250919
"26,385.00","26,399.00","26,352.50",20250918
"26,375.00","26,394.50","26,346.00",20250917
"26,382.50","26,401.50","26,362.00",20250916
"26,385.00","26,402.50","26,362.00",20250915
"26,385.00","26,412.50","26,370.50",20250912
"26,402.50","26,417.50","26,370.00",20250911
"26,395.00","26,408.50","26,355.50",20250910
"26,387.50","26,425.00","26,365.00",20259209
"26,415.00","26,431.50","26,367.50",20259208
"26,400.00","26,415.00","26,380.00",20259205
"26,390.00","26,405.00","26,367.50",20259204
"26,387.50","26,390.00","26,295.50",20259203
"26,345.00","26,345.00","26,345.00",20259202
"26,345.00","26,345.00","26,345.00",20259201
"26,345.00","26,375.00","26,332.50",20250829
"26,375.00","26,382.00","26,325.00",20250828
"26,380.00","26,402.50","26,325.00",20250827
"26,365.00","26,377.50","26,295.50",20250826
"26,305.00","26,368.00","26,289.00",20250825
"26,350.00","26,447.50","26,320.00",20250822
"26,432.50","26,457.00","26,328.50",20250821
"26,390.00","26,390.00","26,290.00",20250820
"26,320.00","26,331.00","26,282.50",20250819
"26,300.00","26,309.50","26,245.00",20250818
"26,270.00","26,332.50","26,245.00",20250815
"26,265.00","26,303.50","26,245.00",20250814
"26,290.00","26,332.50","26,230.00",20250813
"26,270.00","26,282.50","26,200.00",20250812
"26,233.00","26,239.00","26,218.50",20250811
"26,225.00","26,237.50","26,170.00",20258208
"26,215.00","26,237.00","26,199.00",20258207
"26,225.00","26,282.50","26,186.00",20258206
"26,250.00","26,263.50","26,164.00",20258205
"26,176.50","26,226.00","26,147.50",20258204
"26,220.00","26,234.00","26,170.50",20258201
"26,199.00","26,232.50","26,172.50",20250731
"26,202.50","26,266.50","26,190.00",20250730
"26,225.00","26,260.00","26,162.50",20250729
"26,200.00","26,221.00","26,127.50",20250728
"26,145.00","26,158.00","26,112.50",20250725
"26,135.00","26,163.00","26,116.50",20250724
"26,150.00","26,166.50","26,120.00",20250723
"26,145.00","26,162.50","26,128.50",20250722
"26,155.00","26,168.50","26,139.00",20250721
"26,160.00","26,173.00","26,138.00",20250718
"26,160.00","26,172.50","26,129.00",20250717
"26,160.00","26,182.50","26,125.00",20250716
"26,137.50","26,151.50","26,100.00",20250715
"26,125.00","26,137.50","26,085.00",20250714
"26,114.50","26,137.00","26,065.00",20250711
"26,114.50","26,150.00","26,098.00",20250710
"26,139.00","26,160.00","26,122.50",20257209
"26,135.00","26,153.50","26,086.50",20257208
"26,145.00","26,205.00","26,086.50",20257207
"26,180.00","26,264.50","26,155.00",20257204
"26,200.00","26,241.50","26,145.00",20257203
"26,170.00","26,185.50","26,095.00",20257202
"26,130.00","26,170.00","26,065.00",20257201
"26,120.50","26,129.00","26,055.00",20250630
"26,095.00","26,140.00","26,061.50",20250627
"26,120.00","26,147.50","26,098.50",20250626
"26,155.00","26,180.00","26,128.50",20250625
"26,170.00","26,190.50","26,131.00",20250624
"26,215.00","26,222.50","26,115.00",20250623
"26,128.50","26,152.50","26,114.00",20250620
"26,128.00","26,143.50","26,085.00",20250619
"26,101.50","26,115.00","26,065.00",20250618
"26,081.50","26,093.00","26,048.50",20250617
"26,061.50","26,102.50","26,043.00",20250616
"26,075.00","26,099.50","26,025.00",20250613
"26,037.50","26,042.50","26,010.00",20250612
"26,030.00","26,040.00","26,000.00",20250611
"26,012.50","26,065.00","26,010.00",20250610
"26,042.50","26,094.00","26,022.50",20256209
"26,054.00","26,097.00","26,030.50",20256206
"26,082.50","26,126.50","26,058.00",20256205
"26,084.00","26,098.00","26,025.00",20256204
"26,055.00","26,083.50","25,998.50",20256203
"26,029.00","26,046.50","25,980.00",20256202
"26,021.50","26,045.00","25,935.00",20250530
"26,025.00","26,074.50","25,994.50",20250529
"25,970.00","25,975.00","25,911.50",20250528
"25,917.50","25,960.00","25,889.50",20250527
"25,912.50","25,965.00","25,890.50",20250526
"25,954.00","25,987.00","25,939.50",20250523
"25,976.50","25,988.50","25,945.00",20250522
"25,973.00","25,984.50","25,930.00",20250521
"25,970.00","25,978.00","25,935.00",20250520
"25,947.50","25,961.00","25,907.50",20250519
"25,921.50","25,971.00","25,903.00",20250516
"25,947.50","25,962.50","25,906.00",20250515
"25,930.00","25,985.00","25,914.00",20250514
"25,961.50","25,986.50","25,913.50",20250513
"25,971.00","25,982.50","25,918.00",20250512
"25,978.50","25,997.00","25,948.00",20255209
"25,963.50","25,988.00","25,951.00",20255208
"25,962.50","25,980.00","25,912.50",20255207
"25,963.50","25,988.50","25,949.00",20255206
"25,957.50","26,018.50","25,934.00",20255205
"26,005.00","26,005.00","26,005.00",20255202
"26,005.00","26,005.00","26,005.00",20255201
"26,005.00","26,005.00","26,005.00",20250430
"26,005.00","26,010.00","25,960.00",20250429
"26,000.00","26,050.00","25,927.50",20250428
"26,025.00","26,035.00","26,015.00",20250426
"26,021.50","26,062.00","26,007.50",20250425
"26,029.00","26,067.00","25,985.00",20250424
"25,995.00","26,018.50","25,927.50",20250423
"25,965.00","25,994.00","25,890.00",20250422
"25,871.00","25,964.50","25,858.50",20250421
"25,925.00","25,976.50","25,865.00",20250418
"25,837.00","25,900.00","25,848.00",20250417
"25,830.00","25,905.00","25,796.50",20250416
"25,790.00","25,923.50","25,808.00",20250415
"25,824.00","25,843.00","25,705.00",20250414
"25,715.00","25,782.50","25,660.50",20250411
"25,740.00","25,874.50","25,753.50",20250410
"25,960.00","26,130.00","25,982.50",20254209
"25,995.00","26,033.00","25,836.50",20254208
"25,780.00","25,780.00","25,780.00",20254207
"25,780.00","25,810.00","25,760.00",20254204
"25,790.00","25,837.00","25,700.00",20254203
"25,600.00","25,658.50","25,612.50",20254202
"25,620.00","25,660.00","25,545.00",20254201
"25,565.00","25,592.50","25,536.50",20250331
"25,550.00","25,620.00","25,555.00",20250328
"25,560.00","25,629.50","25,562.50",20250327
"25,555.00","25,635.00","25,567.50",20250326
"25,600.00","25,664.00","25,611.00",20250325
"25,620.00","25,657.50","25,538.00",20250324
"25,585.00","25,605.00","25,545.00",20250321
"25,545.00","25,567.50","25,542.50",20250320
"25,535.00","25,550.00","25,525.00",20250319
"25,510.00","25,550.00","25,520.00",20250318
"25,510.00","25,586.00","25,475.00",20250317
"25,500.00","25,532.50","25,465.00",20250314
"25,490.00","25,512.50","25,465.00",20250313
"25,445.00","25,515.00","25,450.00",20250312
"25,450.00","25,520.00","25,462.00",20250311
"25,525.00","25,568.50","25,510.00",20250310
"25,480.00","25,552.50","25,435.00",20253207
"25,485.00","25,516.50","25,430.00",20253206
"25,490.00","25,586.00","25,495.00",20253205
"25,540.00","25,596.50","25,555.00",20253204
"25,575.00","25,617.50","25,548.00",20253203
"25,530.00","25,573.00","25,540.00",20250228
"25,520.00","25,566.00","25,489.50",20250227
"25,535.00","25,572.50","25,482.50",20250226
"25,520.00","25,537.50","25,466.00",20250225
"25,468.00","25,535.00","25,468.50",20250224
"25,510.00","25,545.00","25,475.00",20250221
"25,500.00","25,574.50","25,515.00",20250220
"25,515.00","25,574.50","25,500.00",20250219
"25,500.00","25,580.00","25,425.00",20250218
"25,470.00","25,482.50","25,390.00",20250217
"25,370.00","25,460.50","25,385.00",20250214
"25,440.00","25,535.00","25,400.00",20250213
"25,550.00","25,607.00","25,490.00",20250212
"25,530.00","25,540.00","25,420.00",20250211
"25,380.00","25,405.00","25,367.50",20250210
"25,290.00","25,342.50","25,282.50",20252207
"25,260.00","25,275.00","25,147.50",20252206
"25,145.00","25,195.00","25,115.00",20252205
"25,160.00","25,282.50","25,160.00",20252204
"25,280.00","25,355.00","25,025.00",20252203
"25,060.00","25,060.00","25,060.00",20250131
"25,060.00","25,060.00","25,060.00",20250130
"25,060.00","25,060.00","25,060.00",20250129
"25,060.00","25,060.00","25,060.00",20250128
"25,060.00","25,060.00","25,060.00",20250127
"25,060.00","25,142.50","25,025.00",20250124
"25,080.00","25,157.50","25,005.00",20250123
"25,050.00","25,270.00","25,075.00",20250122
"25,260.00","25,315.00","25,245.00",20250121
"25,315.00","25,380.50","25,280.00",20250120
"25,315.00","25,385.00","25,318.50",20250117
"25,370.00","25,388.50","25,372.50",20250116
"25,375.00","25,394.00","25,382.00",20250115
"25,380.00","25,400.00","25,375.00",20250114
"25,390.00","25,433.50","25,370.00",20250113
"25,360.00","25,385.00","25,367.50",20250110
"25,375.00","25,389.00","25,375.00",20251209
"25,370.00","25,395.00","25,376.00",20251208
"25,360.00","25,422.50","25,362.50",20251207
"25,370.00","25,455.00","25,375.00",20251206
"25,400.00","25,462.50","25,422.50",20251203
"25,450.00","25,485.00","25,446.50",20251202
"25,480.00","25,480.00","25,480.00",20251201
"25,480.00","25,512.50","25,446.50",20241231
"25,476.00","25,485.50","25,444.00",20241230
"25,445.00","25,456.50","25,425.00",20241227
"25,425.00","25,451.00","25,420.00",20241226
"25,420.00","25,455.00","25,415.00",20241225
"25,425.00","25,465.00","25,432.50",20241224
"25,440.00","25,465.00","25,425.50",20241223
"25,445.00","25,467.50","25,450.00",20241220
"25,450.00","25,469.00","25,450.00",20241219
"25,445.00","25,457.50","25,395.00",20241218
"25,430.00","25,440.00","25,346.50",20241217
"25,385.00","25,405.00","25,346.50",20241216
"25,400.00","25,410.00","25,385.00",20241213
"25,394.00","25,399.00","25,360.00",20241212
"25,380.00","25,390.00","25,346.50",20241211
"25,360.00","25,382.50","25,365.00",20241210
"25,370.00","25,395.00","25,365.00",20241209
"25,375.00","25,396.50","25,366.50",20241206
"25,380.00","25,414.00","25,346.50",20241205
"25,400.00","25,412.50","25,365.00",20241204
"25,395.00","25,408.00","25,346.50",20241203
"25,374.00","25,392.50","25,340.00",20241202
"25,344.00","25,405.00","25,340.00",20241129
"25,358.00","25,407.50","25,327.50",20241128
"25,375.00","25,417.50","25,385.00",20241127
"25,405.00","25,425.00","25,405.00",20241126
"25,410.00","25,425.00","25,388.50",20241125
"25,417.00","25,432.50","25,415.00",20241122
"25,415.00","25,434.00","25,403.50",20241121
"25,415.00","25,425.00","25,395.00",20241120
"25,395.00","25,417.50","25,375.00",20241119
"25,405.00","25,417.50","25,342.50",20241118
"25,380.00","25,397.50","25,375.00",20241115
"25,390.00","25,405.00","25,335.00",20241114
"25,330.00","25,363.50","25,295.00",20241113
"25,340.00","25,357.50","25,303.50",20241112
"25,310.00","25,332.50","25,255.00",20241111
"25,260.00","25,315.00","25,275.00",20241108
"25,350.00","25,420.00","25,365.00",20241107
"25,370.00","25,417.50","25,355.00",20241106
"25,330.00","25,365.00","25,290.00",20241105
"25,310.00","25,335.00","25,267.50",20241104
"25,280.00","25,345.00","25,260.00",20241101
"25,270.00","25,350.00","25,275.00",20241031
"25,280.00","25,405.00","25,290.00",20241030
"25,295.00","25,355.00","25,278.50",20241029
"25,345.00","25,435.00","25,350.00",20241028
"25,355.00","25,430.00","25,370.00",20241025
"25,385.00","25,455.00","25,385.00",20241024
"25,400.00","25,432.50","25,375.00",20241023
"25,390.00","25,405.00","25,360.00",20241022
"25,285.00","25,305.00","25,165.00",20241021
"25,150.00","25,275.00","25,165.00",20241018
"25,180.00","25,207.50","25,030.00",20241017
"24,970.00","25,010.00","24,895.00",20241016
"24,925.00","24,959.00","24,835.00",20241015
"24,840.00","24,852.50","24,805.00",20241014
"24,805.00","24,855.50","24,805.00",20241011
"24,830.00","24,870.00","24,825.00",20241010
"24,830.00","24,847.50","24,820.00",20241009
"24,835.00","24,855.00","24,831.50",20241008
"24,840.00","24,860.00","24,837.50",20241007
"24,755.00","24,772.50","24,720.00",20241004
"24,745.00","24,762.50","24,640.00",20241003
"24,652.00","24,675.00","24,591.00",20241002
"24,595.00","24,615.00","24,552.50",20241001
"24,555.00","24,615.00","24,545.00",20240930
"24,590.00","24,630.00","24,585.00",20240927
"24,615.00","24,640.00","24,552.50",20240926
"24,580.00","24,605.50","24,536.00",20240925
"24,590.00","24,655.00","24,585.00",20240924
"24,615.00","24,655.00","24,533.00",20240923
"24,590.00","24,635.00","24,528.00",20240920
"24,565.00","24,675.00","24,575.00",20240919
"24,600.00","24,687.50","24,611.50",20240918
"24,620.00","24,635.00","24,557.50",20240917
"24,530.00","24,618.00","24,540.00",20240916
"24,530.00","24,598.00","24,520.00",20240913
"24,575.00","24,605.00","24,527.50",20240912
"24,550.00","24,665.00","24,535.00",20240911
"24,660.00","24,705.00","24,620.00",20240910
"24,680.00","24,695.00","24,608.50",20249209
"24,600.00","24,712.50","24,590.00",20249206
"24,730.00","24,840.00","24,735.00",20249205
"24,852.00","24,897.50","24,850.00",20249204
"24,860.00","24,860.00","24,860.00",20249203
"24,860.00","24,860.00","24,860.00",20249202
"24,860.00","24,900.00","24,865.50",20240830
"24,870.00","24,905.00","24,825.00",20240829
"24,855.00","24,890.00","24,819.00",20240828
"24,820.00","24,867.00","24,810.00",20240827
"24,860.00","24,948.00","24,855.00",20240826
"24,965.00","25,017.50","24,933.00",20240823
"24,960.00","24,975.00","24,905.00",20240822
"24,930.00","24,945.00","24,902.50",20240821
"24,915.00","24,968.50","24,917.50",20240820
"24,960.00","25,069.00","24,970.00",20240819
"25,050.00","25,086.00","25,035.00",20240816
"25,035.00","25,095.00","25,027.50",20240815
"25,020.00","25,125.00","25,035.00",20240814
"25,115.00","25,132.50","25,085.00",20240813
"25,120.00","25,132.50","25,075.00",20240812
"25,090.00","25,160.00","25,102.50",20248209
"25,135.00","25,162.50","25,105.00",20248208
"25,155.00","25,179.00","25,105.00",20248207
"25,130.00","25,150.00","25,100.00",20248206
"25,080.00","25,125.00","25,075.00",20248205
"25,205.00","25,280.00","25,192.50",20248202
"25,215.00","25,252.50","25,190.00",20248201
"25,235.00","25,330.00","25,235.00",20240731
"25,275.00","25,305.00","25,267.00",20240730
"25,275.00","25,332.50","25,280.00",20240729
"25,300.00","25,339.00","25,294.50",20240726
"25,285.00","25,377.50","25,295.00",20240725
"25,350.00","25,411.50","25,330.00",20240724
"25,355.00","25,365.00","25,347.50",20240723
"25,325.00","25,342.50","25,322.50",20240722
"25,315.00","25,373.50","25,290.00",20240719
"25,310.00","25,375.00","25,273.00",20240718
"25,315.00","25,380.00","25,322.50",20240717
"25,375.00","25,430.00","25,375.00",20240716
"25,360.00","25,422.50","25,370.00",20240715
"25,410.00","25,447.50","25,415.00",20240712
"25,423.00","25,430.00","25,416.50",20240711
"25,415.00","25,447.50","25,414.00",20240710
"25,413.00","25,452.50","25,413.00",20247209
"25,415.00","25,452.50","25,405.00",20247208
"25,412.00","25,455.50","25,365.00",20247205
"25,450.00","25,456.50","25,445.00",20247204
"25,450.00","25,456.00","25,444.50",20247203
"25,450.00","25,457.00","25,447.50",20247202
"25,450.00","25,458.50","25,443.50",20247201
"25,445.00","25,465.00","25,443.00",20240628
"25,455.00","25,470.00","25,457.50",20240627
"25,465.00","25,469.00","25,450.50",20240626
"25,455.00","25,462.50","25,445.00",20240625
"25,455.00","25,458.50","25,450.50",20240624
"25,450.00","25,460.00","25,449.00",20240621
"25,450.00","25,456.50","25,430.00",20240620
"25,450.00","25,456.00","25,440.00",20240619
"25,445.00","25,457.50","25,447.00",20240618
"25,450.00","25,460.00","25,414.00",20240617
"25,450.00","25,455.00","25,415.00",20240614
"25,435.00","25,445.00","25,420.00",20240613
"25,435.00","25,451.00","25,415.00",20240612
"25,435.00","25,445.00","25,415.00",20240611
"25,415.00","25,456.00","25,410.00",20240610
"25,400.00","25,434.00","25,407.50",20246207
"25,420.00","25,432.50","25,404.50",20246206
"25,415.00","25,424.00","25,405.00",20246205
"25,410.00","25,430.50","25,405.00",20246204
"25,432.00","25,455.50","25,404.50",20246203
"25,440.00","25,460.50","25,445.00",20240531
"25,450.00","25,460.00","25,450.00",20240530
"25,450.00","25,460.00","25,447.50",20240529
"25,448.00","25,473.50","25,445.00",20240528
"25,445.00","25,475.00","25,448.50",20240527
"25,465.00","25,476.50","25,465.00",20240524
"25,469.00","25,470.00","25,445.00",20240523
"25,464.00","25,465.50","25,445.00",20240522
"25,461.00","25,462.50","25,430.00",20240521
"25,452.00","25,457.00","25,444.00",20240520
"25,448.00","25,453.50","25,437.50",20240517
"25,431.00","25,456.50","25,400.00",20240516
"25,445.00","25,457.00","25,445.00",20240515
"25,450.00","25,460.00","25,445.00",20240514
"25,453.00","25,456.50","25,435.00",20240513
"25,450.00","25,464.00","25,432.00",20240510
"25,440.00","25,447.50","25,425.00",20245209
"25,425.00","25,437.00","25,395.00",20245208
"25,400.00","25,412.50","25,375.00",20245207
"25,370.00","25,415.00","25,360.00",20245206
"25,400.00","25,423.00","25,407.50",20245203
"25,390.00","25,405.00","25,320.00",20245202
"25,330.00","25,330.00","25,330.00",20245201
"25,330.00","25,330.00","25,330.00",20240430
"25,330.00","25,330.00","25,330.00",20240429
"25,330.00","25,375.00","25,317.50",20240426
"25,350.00","25,445.00","25,315.00",20240425
"25,405.00","25,460.00","25,402.50",20240424
"25,440.00","25,464.00","25,445.00",20240423
"25,455.00","25,461.50","25,440.00",20240422
"25,440.00","25,463.00","25,405.00",20240419
"25,400.00","25,400.00","25,400.00",20240418
"25,400.00","25,430.00","25,345.00",20240417
"25,280.00","25,295.00","25,245.00",20240416
"25,180.00","25,195.00","24,994.50",20240415
"25,015.00","25,025.00","24,970.00",20240412
"24,980.00","25,012.50","24,950.00",20240411
"24,935.00","24,961.00","24,943.00",20240410
"24,945.00","25,010.00","24,943.00",20244209
"24,960.00","24,975.00","24,930.00",20244208
"24,950.00","25,005.00","24,949.50",20244205
"24,935.00","25,014.00","24,920.00",20244204
"25,000.00","25,010.00","24,915.00",20244203
"24,900.00","24,937.50","24,800.00",20244202
"24,795.00","24,818.50","24,770.00",20244201
"24,810.00","24,822.50","24,792.50",20240329
"24,790.00","24,818.50","24,772.50",20240328
"24,785.00","24,797.50","24,778.00",20240327
"24,770.00","24,792.50","24,750.00",20240326
"24,740.00","24,806.00","24,746.50",20240325
"24,768.00","24,821.50","24,756.00",20240322
"24,785.00","24,801.50","24,765.00",20240321
"24,775.00","24,790.00","24,715.00",20240320
"24,740.00","24,755.00","24,695.00",20240319
"24,715.00","24,745.00","24,690.00",20240318
"24,710.00","24,744.00","24,700.00",20240315
"24,690.00","24,707.50","24,636.50",20240314
"24,675.00","24,687.50","24,640.00",20240313
"24,645.00","24,680.00","24,625.00",20240312
"24,635.00","24,670.00","24,602.50",20240311
"24,640.00","24,700.00","24,632.50",20243208
"24,680.00","24,715.00","24,642.50",20243207
"24,665.00","24,721.50","24,642.50",20243206
"24,690.00","24,705.00","24,649.50",20243205
"24,676.00","24,700.00","24,649.50",20243204
"24,640.00","24,660.00","24,639.00",20243201
"24,640.00","24,657.50","24,639.00",20240229
"24,620.00","24,655.00","24,606.00",20240228
"24,625.00","24,674.00","24,632.50",20240227
"24,660.00","24,707.50","24,640.00",20240226
"24,630.00","24,660.00","24,597.50",20240223
"24,590.00","24,615.00","24,552.50",20240222
"24,525.00","24,550.00","24,490.00",20240221
"24,525.00","24,550.00","24,527.50",20240220
"24,530.00","24,540.00","24,490.00",20240219
"24,510.00","24,550.00","24,422.50",20240216
"24,450.00","24,465.00","24,400.00",20240215
"24,400.00","24,400.00","24,400.00",20240214
"24,400.00","24,400.00","24,400.00",20240213
"24,400.00","24,400.00","24,400.00",20240212
"24,400.00","24,400.00","24,400.00",20242209
"24,400.00","24,400.00","24,400.00",20242208
"24,400.00","24,465.00","24,370.00",20242207
"24,355.00","24,387.50","24,342.50",20242206
"24,370.00","24,417.50","24,360.00",20242205
"24,335.00","24,417.50","24,330.00",20242202
"24,400.00","24,430.00","24,362.50",20242201
"24,415.00","24,465.00","24,395.00",20240131
"24,395.00","24,510.00","24,395.00",20240130
"24,530.00","24,610.00","24,535.00",20240129
"24,595.00","24,625.00","24,600.00",20240126
"24,605.00","24,615.00","24,577.50",20240125
"24,600.00","24,617.50","24,541.00",20240124
"24,565.00","24,575.00","24,510.00",20240123
"24,550.00","24,565.00","24,510.00",20240122
"24,540.00","24,570.00","24,535.00",20240119
"24,545.00","24,580.00","24,520.00",20240118
"24,530.00","24,556.50","24,520.00",20240117
"24,500.00","24,547.50","24,470.00",20240116
"24,470.00","24,490.00","24,460.00",20240115
"24,490.00","24,535.00","24,480.00",20240112
"24,475.00","24,492.50","24,445.00",20240111
"24,405.00","24,420.00","24,345.00",20240110
"24,360.00","24,392.50","24,337.50",20241209
"24,330.00","24,390.00","24,327.50",20241208
"24,370.00","24,380.00","24,337.00",20241205
"24,360.00","24,400.00","24,357.50",20241204
"24,370.00","24,387.50","24,310.00",20241203
"24,325.00","24,337.50","24,250.00",20241202
"24,260.00","24,260.00","24,260.00",20241201
"24,260.00","24,300.00","24,240.00",20231229
"24,235.00","24,355.00","24,250.00",20231228
"24,345.00","24,391.00","24,315.00",20231227
"24,325.00","24,335.00","24,210.00",20231226
"24,230.00","24,265.00","24,180.00",20231225
"24,235.00","24,317.50","24,235.00",20231222
"24,320.00","24,357.50","24,320.00",20231221
"24,335.00","24,349.00","24,275.00",20231220
"24,350.00","24,378.00","24,340.00",20231219
"24,350.00","24,375.00","24,230.00",20231218
"24,260.00","24,275.00","24,220.00",20231215
"24,245.00","24,265.00","24,200.00",20231214
"24,279.00","24,283.00","24,257.50",20231213
"24,260.00","24,280.00","24,263.50",20231212
"24,250.00","24,277.50","24,180.00",20231211
"24,220.00","24,267.50","24,230.00",20231208
"24,275.00","24,290.00","24,267.50",20231207
"24,274.00","24,305.00","24,263.00",20231206
"24,266.00","24,283.50","24,237.50",20231205
"24,250.00","24,295.00","24,225.00",20231204
"24,290.00","24,315.00","24,260.00",20231201
"24,250.00","24,277.50","24,200.00",20231130
"24,260.00","24,270.00","24,182.00",20231129
"24,230.00","24,260.00","24,228.50",20231128
"24,230.00","24,270.00","24,221.50",20231127
"24,260.00","24,282.00","24,210.00",20231124
"24,240.00","24,247.50","24,165.00",20231123
"24,205.00","24,217.50","24,142.50",20231122
"24,130.00","24,172.50","24,097.00",20231121
"24,170.00","24,235.00","24,158.00",20231120
"24,250.00","24,305.00","24,225.00",20231117
"24,288.00","24,312.50","24,274.50",20231116
"24,290.00","24,381.00","24,269.00",20231115
"24,355.00","24,389.00","24,352.50",20231114
"24,383.00","24,395.50","24,320.00",20231113
"24,315.00","24,380.00","24,305.00",20231110
"24,340.00","24,395.00","24,330.00",20231109
"24,370.00","24,385.00","24,290.00",20231108
"24,310.00","24,377.50","24,262.50",20231107
"24,335.00","24,565.00","24,315.00",20231106
"24,520.00","24,580.00","24,535.00",20231103
"24,570.00","24,585.00","24,558.00",20231102
"24,585.00","24,593.00","24,560.00",20231101
"24,560.00","24,573.50","24,551.50",20231031
"24,558.00","24,590.00","24,555.00",20231030
"24,570.00","24,612.00","24,555.00",20231027
"24,590.00","24,620.00","24,570.00",20231026
"24,560.00","24,585.00","24,550.00",20231025
"24,550.00","24,597.50","24,525.00",20231024
"24,590.00","24,617.50","24,485.00",20231023
"24,520.00","24,582.50","24,480.00",20231020
"24,550.00","24,597.50","24,490.00",20231019
"24,555.00","24,577.50","24,479.50",20231018
"24,490.00","24,503.00","24,454.00",20231017
"24,460.00","24,481.50","24,445.00",20231016
"24,440.00","24,485.00","24,435.00",20231013
"24,435.00","24,460.00","24,425.00",20231012
"24,440.00","24,455.00","24,380.00",20231011
"24,390.00","24,425.00","24,372.00",20231010
"24,370.00","24,402.50","24,352.50",20231009
"24,360.00","24,426.50","24,363.50",20231006
"24,380.00","24,428.00","24,380.00",20231005
"24,420.00","24,440.00","24,379.00",20231004
"24,385.00","24,414.00","24,375.00",20231003
"24,340.00","24,387.50","24,297.50",20231002
"24,280.00","24,420.00","24,265.00",20230929
"24,385.00","24,445.00","24,390.00",20230928
"24,385.00","24,437.50","24,374.50",20230927
"24,380.00","24,442.50","24,352.50",20230926
"24,380.00","24,397.50","24,325.00",20230925
"24,360.00","24,375.00","24,285.00",20230922
"24,310.00","24,335.00","24,255.00",20230921
"24,270.00","24,380.00","24,285.00",20230920
"24,370.00","24,416.50","24,382.50",20230919
"24,370.00","24,385.00","24,255.00",20230918
"24,250.00","24,270.00","24,230.50",20230915
"24,220.00","24,240.00","24,160.00",20230914
"24,155.00","24,176.50","24,095.00",20230913
"24,100.00","24,115.00","24,079.00",20230912
"24,075.00","24,085.00","24,045.00",20230911
"24,055.00","24,125.00","24,055.00",20239208
"24,060.00","24,096.50","24,040.00",20239207
"24,055.00","24,105.00","23,995.00",20239206
"24,050.00","24,120.00","24,057.50",20239205
"24,060.00","24,060.00","24,060.00",20239204
"24,060.00","24,060.00","24,060.00",20239201
"24,060.00","24,122.50","24,055.00",20230831
"24,110.00","24,191.50","24,110.00",20230830
"24,180.00","24,200.00","24,150.00",20230829
"24,080.00","24,095.00","23,970.00",20230828
"24,024.00","24,040.00","23,980.00",20230825
"23,995.00","24,010.50","23,967.50",20230824
"23,985.00","24,021.00","23,965.00",20230823
"23,920.00","23,935.00","23,805.00",20230822
"23,805.00","23,819.00","23,747.50",20230821
"23,805.00","23,875.00","23,780.00",20230818
"23,850.00","23,975.00","23,865.00",20230817
"23,935.00","24,007.50","23,915.00",20230816
"23,965.00","23,980.00","23,830.00",20230815
"23,815.00","23,825.50","23,727.50",20230814
"23,750.00","23,760.00","23,687.50",20230811
"23,740.00","23,755.00","23,710.00",20230810
"23,735.00","23,750.50","23,681.00",20238209
"23,730.00","23,746.50","23,693.50",20238208
"23,720.00","23,750.00","23,676.50",20238207
"23,725.00","23,763.50","23,684.50",20238204
"23,750.00","23,775.50","23,745.00",20238203
"23,735.00","23,751.50","23,670.00",20238202
"23,680.00","23,695.00","23,664.50",20238201
"23,680.00","23,691.50","23,670.00",20230731
"23,685.00","23,698.50","23,661.50",20230728
"23,661.00","23,680.00","23,657.00",20230727
"23,665.00","23,682.50","23,661.50",20230726
"23,655.00","23,723.50","23,654.50",20230725
"23,665.00","23,676.50","23,645.50",20230724
"23,656.00","23,670.00","23,636.50",20230721
"23,647.00","23,697.50","23,635.50",20230720
"23,630.00","23,654.50","23,630.00",20230719
"23,635.00","23,650.50","23,625.00",20230718
"23,630.00","23,672.00","23,625.00",20230717
"23,630.00","23,665.00","23,627.50",20230714
"23,665.00","23,677.50","23,625.00",20230713
"23,660.00","23,700.00","23,655.00",20230712
"23,690.00","23,715.00","23,628.50",20230711
"23,640.00","23,672.50","23,603.00",20230710
"23,635.00","23,717.50","23,640.00",20237207
"23,710.00","23,772.50","23,710.00",20237206
"23,745.00","23,790.00","23,717.50",20237205
"23,700.00","23,710.00","23,655.00",20237204
"23,695.00","23,710.00","23,546.50",20237203
"23,575.00","23,596.50","23,530.00",20230630
"23,569.00","23,583.50","23,532.50",20230629
"23,555.00","23,562.50","23,526.50",20230628
"23,520.00","23,541.50","23,515.00",20230627
"23,530.00","23,540.00","23,490.00",20230626
"23,515.00","23,527.50","23,497.50",20230623
"23,515.00","23,527.50","23,502.00",20230622
"23,505.00","23,531.50","23,510.00",20230621
"23,520.00","23,536.00","23,517.50",20230620
"23,520.00","23,531.50","23,506.00",20230619
"23,520.00","23,542.50","23,512.50",20230616
"23,525.00","23,546.50","23,479.50",20230615
"23,500.00","23,514.00","23,503.00",20230614
"23,495.00","23,504.00","23,482.50",20230613
"23,480.00","23,488.50","23,470.50",20230612
"23,470.00","23,495.00","23,477.00",20236209
"23,490.00","23,499.00","23,482.50",20236208
"23,485.00","23,492.50","23,476.50",20236207
"23,485.00","23,500.00","23,470.00",20236206
"23,495.00","23,508.50","23,472.50",20236205
"23,475.00","23,483.50","23,455.00",20236202
"23,485.00","23,492.50","23,476.50",20236201
"23,485.00","23,497.50","23,485.00",20230531
"23,480.00","23,492.00","23,472.50",20230530
"23,465.00","23,484.00","23,465.00",20230529
"23,475.00","23,485.00","23,472.50",20230526
"23,470.00","23,492.50","23,469.00",20230525
"23,470.00","23,510.00","23,445.00",20230524
"23,470.00","23,482.50","23,442.50",20230523
"23,438.00","23,467.50","23,438.00",20230522
"23,460.00","23,546.00","23,427.50",20230519
"23,450.00","23,460.00","23,411.00",20230518
"23,450.00","23,455.50","23,446.50",20230517
"23,450.00","23,472.50","23,449.00",20230516
"23,458.00","23,471.50","23,446.50",20230515
"23,450.00","23,475.00","23,455.00",20230512
"23,465.00","23,475.00","23,462.50",20230511
"23,465.00","23,475.00","23,449.50",20230510
"23,460.00","23,469.00","23,448.00",20235209
"23,443.00","23,460.00","23,444.00",20235208
"23,440.00","23,455.00","23,445.00",20235205
"23,445.00","23,457.50","23,444.50",20235204
"23,450.00","23,450.00","23,450.00",20235203
"23,450.00","23,450.00","23,450.00",20235202
"23,450.00","23,450.00","23,450.00",20235201
"23,450.00","23,483.00","23,451.00",20230428
"23,445.00","23,492.50","23,455.00",20230427
"23,465.00","23,495.00","23,472.50",20230426
"23,473.00","23,496.00","23,473.00",20230425
"23,494.00","23,497.00","23,477.50",20230424
"23,485.00","23,508.50","23,450.00",20230421
"23,488.00","23,562.50","23,482.50",20230420
"23,511.00","23,518.00","23,452.00",20230419
"23,505.00","23,517.00","23,472.50",20230418
"23,485.00","23,495.00","23,446.50",20230417
"23,440.00","23,451.00","23,442.50",20230414
"23,440.00","23,453.50","23,440.00",20230413
"23,442.00","23,454.50","23,445.00",20230412
"23,445.00","23,457.00","23,444.00",20230411
"23,440.00","23,452.50","23,442.00",20230410
"23,442.00","23,460.00","23,444.50",20234207
"23,451.00","23,475.00","23,447.50",20234206
"23,465.00","23,497.50","23,455.00",20234205
"23,460.00","23,495.00","23,456.00",20234204
"23,470.00","23,515.00","23,456.00",20234203
"23,450.00","23,510.00","23,456.00",20230331
"23,470.00","23,490.00","23,470.00",20230330
"23,480.00","23,515.00","23,481.00",20230329
"23,480.00","23,521.00","23,492.50",20230328
"23,500.00","23,532.50","23,510.00",20230327
"23,510.00","23,525.00","23,495.00",20230324
"23,490.00","23,520.00","23,490.00",20230323
"23,510.00","23,570.00","23,490.00",20230322
"23,570.00","23,595.00","23,577.50",20230321
"23,570.00","23,590.00","23,576.00",20230320
"23,570.00","23,607.50","23,575.00",20230317
"23,560.00","23,587.50","23,562.50",20230316
"23,565.00","23,602.50","23,572.50",20230315
"23,570.00","23,610.00","23,567.50",20230314
"23,570.00","23,675.00","23,537.50",20230313
"23,660.00","23,705.00","23,675.00",20230310
"23,680.00","23,756.00","23,695.00",20233209
"23,710.00","23,757.50","23,695.00",20233208
"23,640.00","23,667.50","23,600.00",20233207
"23,650.00","23,733.00","23,657.50",20233206
"23,710.00","23,738.50","23,715.00",20233203
"23,700.00","23,735.00","23,699.50",20233202
"23,710.00","23,790.00","23,720.00",20233201
"23,740.00","23,807.50","23,760.00",20230228
"23,805.00","23,835.00","23,788.00",20230227
"23,780.00","23,847.50","23,771.00",20230224
"23,815.00","23,870.00","23,750.00",20230223
"23,780.00","23,805.00","23,735.00",20230222
"23,705.00","23,805.00","23,695.00",20230221
"23,725.00","23,855.00","23,690.00",20230220
"23,810.00","23,835.00","23,755.00",20230217
"23,680.00","23,707.50","23,607.50",20230216
"23,615.00","23,641.50","23,605.00",20230215
"23,600.00","23,622.50","23,590.00",20230214
"23,595.00","23,610.00","23,561.00",20230213
"23,565.00","23,630.00","23,565.00",20230210
"23,560.00","23,640.00","23,565.00",20232209
"23,590.00","23,634.50","23,587.50",20232208
"23,600.00","23,615.00","23,505.00",20232207
"23,480.00","23,505.00","23,450.50",20232206
"23,440.00","23,505.00","23,444.00",20232203
"23,449.00","23,454.50","23,442.50",20232202
"23,440.00","23,495.00","23,445.00",20232201
"23,445.00","23,476.00","23,445.00",20230131
"23,470.00","23,477.50","23,447.50",20230130
"23,460.00","23,485.00","23,445.00",20230127
"23,440.00","23,440.00","23,440.00",20230126
"23,440.00","23,440.00","23,440.00",20230125
"23,440.00","23,440.00","23,440.00",20230124
"23,440.00","23,440.00","23,440.00",20230123
"23,440.00","23,440.00","23,440.00",20230120
"23,440.00","23,485.00","23,435.00",20230119
"23,437.00","23,470.00","23,430.00",20230118
"23,427.00","23,450.00","23,430.00",20230117
"23,445.00","23,450.00","23,427.50",20230116
"23,435.00","23,450.50","23,439.50",20230113
"23,438.00","23,460.00","23,441.00",20230112
"23,440.00","23,465.00","23,444.50",20230111
"23,445.00","23,482.50","23,447.50",20230110
"23,447.00","23,485.00","23,452.00",20231209
"23,460.00","23,515.00","23,460.00",20231206
"23,475.00","23,522.50","23,470.00",20231205
"23,510.00","23,562.50","23,504.00",20231204
"23,515.00","23,590.00","23,490.00",20231203
"23,610.00","23,610.00","23,610.00",20231202
"23,610.00","23,645.00","23,555.00",20221230
"23,600.00","23,675.00","23,620.00",20221229
"23,620.00","23,642.50","23,577.50",20221228
"23,580.00","23,630.00","23,565.00",20221227
"23,590.00","23,657.50","23,587.50",20221226
"23,560.00","23,675.00","23,570.00",20221223
"23,630.00","23,745.00","23,647.50",20221222
"23,700.00","23,760.00","23,692.00",20221221
"23,730.00","23,855.00","23,730.00",20221220
"23,700.00","23,715.00","23,590.00",20221219
"23,580.00","23,610.00","23,525.00",20221216
"23,500.00","23,592.50","23,492.50",20221215
"23,520.00","23,575.00","23,475.00",20221214
"23,600.00","23,705.00","23,575.00",20221213
"23,680.00","23,705.00","23,525.00",20221212
"23,550.00","23,625.00","23,515.00",20221209
"23,780.00","23,930.00","23,805.00",20221208
"23,900.00","24,015.00","23,825.50",20221207
"23,980.00","24,095.00","24,000.00",20221206
"23,980.00","24,125.00","23,925.00",20221205
"24,350.00","24,455.00","24,362.50",20221202
"24,500.00","24,550.00","24,490.00",20221201
"24,630.00","24,741.50","24,635.00",20221130
"24,750.00","24,795.00","24,720.00",20221129
"24,770.00","24,826.50","24,767.50",20221128
"24,760.00","24,853.50","24,755.00",20221125
"24,833.00","24,851.50","24,835.00",20221124
"24,844.00","24,852.50","24,839.50",20221123
"24,850.00","24,854.50","24,822.50",20221122
"24,835.00","24,842.50","24,795.00",20221121
"24,800.00","24,816.00","24,790.00",20221118
"24,805.00","24,836.00","24,782.50",20221117
"24,775.00","24,807.50","24,764.00",20221116
"24,765.00","24,848.50","24,760.00",20221115
"24,735.00","24,830.00","24,735.00",20221114
"24,805.00","24,869.00","24,800.00",20221111
"24,865.00","24,872.00","24,855.00",20221110
"24,862.00","24,873.50","24,860.50",20221109
"24,871.00","24,871.50","24,861.00",20221108
"24,870.00","24,874.50","24,840.00",20221107
"24,870.00","24,883.00","24,840.00",20221104
"24,860.00","24,872.50","24,855.00",20221103
"24,835.00","24,872.50","24,840.00",20221102
"24,850.00","24,875.00","24,822.50",20221101
"24,840.00","24,860.00","24,830.00",20221031
"24,820.00","24,850.00","24,812.50",20221028
"24,830.00","24,851.00","24,810.00",20221027
"24,830.00","24,862.50","24,832.50",20221026
"24,840.00","24,867.50","24,825.00",20221025
"24,830.00","24,872.50","24,810.00",20221024
"24,820.00","24,845.00","24,552.50",20221021
"24,530.00","24,564.00","24,455.00",20221020
"24,450.00","24,580.00","24,445.00",20221019
"24,430.00","24,445.00","24,325.00",20221018
"24,310.00","24,355.00","24,135.00",20221017
"24,110.00","24,183.50","24,100.00",20221014
"24,120.00","24,155.00","23,965.00",20221013
"23,945.00","23,977.50","23,891.50",20221012
"23,925.00","23,942.50","23,885.00",20221011
"23,870.00","23,895.00","23,877.50",20221010
"23,875.00","23,895.00","23,860.00",20221007
"23,870.00","23,887.50","23,825.00",20221006
"23,865.00","23,907.50","23,835.00",20221005
"23,875.00","23,907.50","23,860.00",20221004
"23,880.00","23,913.50","23,835.00",20221003
"23,855.00","23,887.50","23,815.00",20220930
"23,820.00","23,860.00","23,741.00",20220929
"23,730.00","23,782.50","23,731.00",20220928
"23,730.00","23,740.50","23,722.50",20220927
"23,715.00","23,742.50","23,707.50",20220926
"23,700.00","23,715.00","23,704.50",20220923
"23,700.00","23,715.00","23,702.50",20220922
"23,690.00","23,698.50","23,667.50",20220921
"23,670.00","23,682.00","23,667.00",20220920
"23,670.00","23,681.00","23,645.00",20220919
"23,650.00","23,672.50","23,590.00",20220916
"23,620.00","23,630.00","23,595.00",20220915
"23,590.00","23,607.50","23,582.50",20220914
"23,553.00","23,560.00","23,520.00",20220913
"23,520.00","23,570.00","23,511.00",20220912
"23,515.00","23,620.00","23,522.50",20229209
"23,542.00","23,632.50","23,510.00",20229208
"23,580.00","23,635.00","23,530.00",20229207
"23,520.00","23,552.50","23,475.00",20229206
"23,505.00","23,567.50","23,445.00",20229205
"23,450.00","23,450.00","23,450.00",20229202
"23,450.00","23,450.00","23,450.00",20229201
"23,450.00","23,467.50","23,420.00",20220831
"23,415.00","23,435.00","23,402.50",20220830
"23,430.00","23,445.00","23,397.00",20220829
"23,412.00","23,440.50","23,411.50",20220826
"23,423.00","23,460.00","23,415.00",20220825
"23,425.00","23,489.00","23,405.00",20220824
"23,430.00","23,435.00","23,405.00",20220823
"23,410.00","23,415.00","23,401.00",20220822
"23,400.00","23,406.00","23,398.50",20220819
"23,401.00","23,406.00","23,394.50",20220818
"23,401.00","23,413.00","23,397.50",20220817
"23,403.00","23,413.50","23,385.00",20220816
"23,400.00","23,408.50","23,393.50",20220815
"23,392.00","23,404.50","23,380.00",20220812
"23,390.00","23,395.00","23,380.00",20220811
"23,385.00","23,394.50","23,384.50",20220810
"23,385.00","23,401.50","23,387.50",20228209
"23,388.00","23,398.50","23,385.00",20228208
"23,385.00","23,412.50","23,372.50",20228205
"23,393.00","23,416.50","23,375.50",20228204
"23,394.00","23,402.50","23,356.00",20228203
"23,353.00","23,381.50","23,347.50",20228202
"23,355.00","23,364.00","23,341.00",20228201
"23,335.00","23,401.50","23,340.00",20220729
"23,358.00","23,380.00","23,354.50",20220728
"23,375.00","23,383.50","23,355.00",20220727
"23,370.00","23,387.50","23,350.00",20220726
"23,385.00","23,409.50","23,385.00",20220725
"23,400.00","23,427.50","23,397.50",20220722
"23,410.00","23,429.50","23,382.50",20220721
"23,410.00","23,443.50","23,412.00",20220720
"23,412.00","23,460.00","23,401.50",20220719
"23,440.00","23,447.50","23,401.50",20220718
"23,450.00","23,455.00","23,401.50",20220715
"23,415.00","23,420.00","23,340.00",20220714
"23,388.00","23,399.00","23,379.50",20220713
"23,389.00","23,394.00","23,363.00",20220712
"23,347.00","23,357.50","23,330.00",20220711
"23,355.00","23,384.50","23,339.00",20227208
"23,350.00","23,388.00","23,350.00",20227207
"23,373.00","23,380.00","23,363.00",20227206
"23,360.00","23,375.00","23,353.00",20227205
"23,335.00","23,377.50","23,317.50",20227204
"23,300.00","23,320.00","23,260.00",20227201
"23,255.00","23,292.50","23,237.50",20220630
"23,265.00","23,270.00","23,238.00",20220629
"23,255.00","23,262.00","23,204.00",20220628
"23,245.00","23,256.50","23,245.00",20220627
"23,247.00","23,259.00","23,237.50",20220624
"23,244.00","23,256.00","23,225.00",20220623
"23,235.00","23,246.00","23,225.00",20220622
"23,226.00","23,241.50","23,222.50",20220621
"23,230.00","23,250.00","23,193.00",20220620
"23,220.00","23,245.00","23,224.50",20220617
"23,232.00","23,242.50","23,219.00",20220616
"23,230.00","23,235.00","23,217.50",20220615
"23,210.00","23,250.00","23,201.00",20220614
"23,195.00","23,212.50","23,170.00",20220613
"23,177.00","23,193.00","23,160.00",20220610
"23,155.00","23,192.00","23,160.00",20226209
"23,187.00","23,193.00","23,187.50",20226208
"23,185.00","23,201.00","23,186.50",20226207
"23,180.00","23,208.50","23,185.00",20226206
"23,187.00","23,204.00","23,184.50",20226203
"23,193.00","23,211.00","23,190.00",20226202
"23,196.00","23,211.00","23,185.00",20226201
"23,185.00","23,191.50","23,181.00",20220531
"23,176.00","23,205.00","23,178.50",20220530
"23,195.00","23,210.00","23,188.00",20220527
"23,205.00","23,215.00","23,195.00",20220526
"23,190.00","23,215.00","23,170.00",20220525
"23,210.00","23,225.00","23,172.50",20220524
"23,170.00","23,175.00","23,129.00",20220523
"23,160.00","23,178.00","23,129.00",20220520
"23,140.00","23,174.50","23,112.00",20220519
"23,139.00","23,142.50","23,118.50",20220518
"23,120.00","23,175.50","23,085.00",20220517
"23,095.00","23,097.50","23,078.00",20220516
"23,086.00","23,097.50","23,084.00",20220513
"23,096.00","23,102.50","23,040.00",20220512
"23,050.00","23,105.00","22,945.50",20220511
"22,941.00","22,962.50","22,937.00",20220510
"22,950.00","22,963.00","22,944.00",20225209
"22,955.00","22,971.50","22,952.00",20225206
"22,955.00","22,976.00","22,947.00",20225205
"22,966.00","22,976.50","22,957.50",20225204
"22,962.00","22,962.00","22,962.00",20225203
"22,962.00","22,962.00","22,962.00",20225202
"22,962.00","22,975.50","22,954.00",20220429
"22,956.00","22,968.00","22,948.50",20220428
"22,965.00","22,983.50","22,960.00",20220427
"22,970.00","22,986.00","22,970.00",20220426
"22,983.00","22,986.50","22,963.00",20220425
"22,965.00","22,972.50","22,963.00",20220422
"22,962.00","22,986.50","22,926.00",20220421
"22,962.00","22,986.50","22,916.50",20220420
"22,955.00","22,965.00","22,903.00",20220419
"22,890.00","22,931.50","22,892.50",20220418
"22,899.00","22,906.50","22,842.50",20220415
"22,900.00","22,903.00","22,888.50",20220414
"22,887.00","22,943.00","22,875.00",20220413
"22,888.00","22,890.50","22,863.00",20220412
"22,860.00","22,860.00","22,860.00",20220411
"22,860.00","22,874.00","22,842.50",20224208
"22,859.00","22,875.00","22,840.00",20224207
"22,866.00","22,878.50","22,842.50",20224206
"22,873.00","22,876.50","22,842.50",20224205
"22,846.00","22,853.50","22,835.50",20224204
"22,837.00","22,855.00","22,832.00",20224201
"22,838.00","22,868.00","22,832.00",20220331
"22,854.00","22,879.00","22,852.00",20220330
"22,865.00","22,879.00","22,865.00",20220329
"22,860.00","22,877.50","22,842.50",20220328
"22,861.00","22,877.00","22,842.50",20220325
"22,869.00","22,880.00","22,842.50",20220324
"22,872.00","22,883.50","22,860.00",20220323
"22,870.00","22,877.50","22,842.50",20220322
"22,860.00","22,894.50","22,842.50",20220321
"22,860.00","22,877.50","22,857.00",20220318
"22,865.00","22,882.00","22,863.50",20220317
"22,879.00","22,886.50","22,866.50",20220316
"22,880.00","22,902.50","22,876.50",20220315
"22,890.00","22,902.00","22,836.50",20220314
"22,873.00","22,920.00","22,837.50",20220311
"22,835.00","22,856.50","22,835.00",20220310
"22,835.00","22,852.50","22,834.00",20223209
"22,845.00","22,854.00","22,842.50",20223208
"22,845.00","22,862.50","22,837.50",20223207
"22,830.00","22,845.00","22,835.00",20223204
"22,835.00","22,855.00","22,818.00",20223203
"22,840.00","22,845.00","22,810.00",20223202
"22,815.00","22,821.50","22,805.00",20223201
"22,805.00","22,869.50","22,805.00",20220228
"22,820.00","22,845.00","22,815.00",20220225
"22,840.00","22,845.00","22,820.00",20220224
"22,825.00","22,837.00","22,823.00",20220223
"22,815.00","22,839.00","22,800.00",20220222
"22,800.00","22,842.50","22,800.00",20220221
"22,820.00","22,905.00","22,790.00",20220218
"22,785.00","22,790.00","22,752.50",20220217
"22,750.00","22,765.00","22,745.00",20220216
"22,750.00","22,765.00","22,740.00",20220215
"22,725.00","22,755.00","22,695.00",20220214
"22,685.00","22,700.00","22,675.50",20220211
"22,680.00","22,707.50","22,681.50",20220210
"22,680.00","22,750.00","22,690.00",20222209
"22,715.00","22,722.50","22,670.00",20222208
"22,665.00","22,682.50","22,640.00",20222207
"22,645.00","22,645.00","22,645.00",20222204
"22,645.00","22,645.00","22,645.00",20222203
"22,645.00","22,645.00","22,645.00",20222202
"22,645.00","22,645.00","22,645.00",20222201
"22,645.00","22,645.00","22,645.00",20220131
"22,645.00","22,670.00","22,637.50",20220128
"22,630.00","22,659.50","22,635.00",20220127
"22,630.00","22,675.00","22,630.00",20220126
"22,630.00","22,702.50","22,635.00",20220125
"22,675.00","22,700.00","22,625.00",20220124
"22,625.00","22,675.00","22,617.50",20220121
"22,645.00","22,740.00","22,640.00",20220120
"22,700.00","22,810.00","22,700.00",20220119
"22,750.00","22,815.00","22,730.00",20220118
"22,720.00","22,736.50","22,710.00",20220117
"22,710.00","22,730.00","22,690.00",20220114
"22,710.00","22,715.00","22,685.00",20220113
"22,698.00","22,710.00","22,690.00",20220112
"22,698.00","22,730.00","22,680.00",20220111
"22,695.00","22,760.00","22,675.00",20220110
"22,685.00","22,751.50","22,685.00",20221207
"22,745.00","22,811.00","22,747.50",20221206
"22,755.00","22,770.00","22,735.00",20221205
"22,752.00","22,782.50","22,750.00",20221204
"22,825.00","22,825.00","22,825.00",20221203
"22,825.00","22,857.50","22,747.50",20211231
"22,765.00","22,840.00","22,770.00",20211230
"22,820.00","22,842.50","22,820.00",20211229
"22,835.00","22,890.00","22,802.50",20211228
"22,810.00","22,838.50","22,790.00",20211227
"22,840.00","22,955.00","22,850.00",20211224
"22,950.00","22,980.00","22,920.00",20211223
"22,955.00","22,982.50","22,917.50",20211222
"22,933.00","22,936.50","22,885.00",20211221
"22,928.00","22,985.00","22,915.00",20211220
"22,980.00","23,035.00","22,910.00",20211217
"22,990.00","23,060.00","22,987.50",20211216
"23,030.00","23,075.00","23,010.00",20211215
"23,000.00","23,025.00","22,960.00",20211214
"22,975.00","23,051.50","22,960.00",20211213
"23,025.00","23,075.00","22,967.50",20211210
"22,980.00","22,997.50","22,910.00",20211209
"22,920.00","23,080.00","22,920.00",20211208
"23,070.00","23,120.00","23,015.00",20211207
"23,020.00","23,125.00","22,825.00",20211206
"22,830.00","22,857.50","22,693.50",20211203
"22,730.00","22,735.00","22,696.00",20211202
"22,710.00","22,715.00","22,690.00",20211201
"22,688.00","22,726.00","22,675.00",20211130
"22,690.00","22,695.00","22,670.00",20211129
"22,678.00","22,685.00","22,667.00",20211126
"22,670.00","22,690.00","22,669.50",20211125
"22,680.00","22,695.00","22,670.00",20211124
"22,675.00","22,680.00","22,665.50",20211123
"22,670.00","22,675.00","22,643.50",20211122
"22,657.00","22,665.00","22,651.50",20211119
"22,650.00","22,665.00","22,647.50",20211118
"22,648.00","22,655.50","22,645.00",20211117
"22,650.00","22,655.00","22,645.00",20211116
"22,645.00","22,662.00","22,644.50",20211115
"22,640.00","22,662.00","22,637.00",20211112
"22,645.00","22,659.00","22,644.00",20211111
"22,660.00","22,667.50","22,657.50",20211110
"22,662.00","22,669.50","22,658.50",20211109
"22,660.00","22,685.00","22,657.00",20211108
"22,680.00","22,690.00","22,676.00",20211105
"22,680.00","22,723.50","22,680.00",20211104
"22,747.00","22,754.00","22,744.00",20211103
"22,748.00","22,758.50","22,742.50",20211102
"22,750.00","22,757.50","22,745.50",20211101
"22,750.00","22,756.00","22,745.50",20211029
"22,750.00","22,762.50","22,753.00",20211028
"22,755.00","22,764.50","22,752.50",20211027
"22,757.00","22,761.50","22,752.00",20211026
"22,745.00","22,759.50","22,750.00",20211025
"22,754.00","22,762.00","22,748.50",20211022
"22,750.00","22,762.50","22,751.00",20211021
"22,755.00","22,763.00","22,753.00",20211020
"22,755.00","22,764.00","22,753.50",20211019
"22,758.00","22,794.00","22,757.00",20211018
"22,758.00","22,762.50","22,757.50",20211015
"22,757.00","22,765.50","22,752.00",20211014
"22,757.00","22,763.50","22,752.00",20211013
"22,757.00","22,763.50","22,750.00",20211012
"22,750.00","22,764.00","22,752.50",20211011
"22,757.00","22,765.00","22,753.50",20211008
"22,750.00","22,766.00","22,753.00",20211007
"22,750.00","22,805.00","22,755.50",20211006
"22,754.00","22,764.00","22,753.00",20211005
"22,757.00","22,764.50","22,754.00",20211004
"22,757.00","22,765.00","22,754.00",20211001
"22,750.00","22,768.50","22,753.00",20210930
"22,753.00","22,768.50","22,755.50",20210929
"22,761.00","22,785.00","22,756.00",20210928
"22,766.00","22,773.50","22,757.00",20210927
"22,760.00","22,774.50","22,764.50",20210924
"22,762.00","22,772.50","22,756.00",20210923
"22,760.00","22,780.00","22,755.50",20210922
"22,755.00","22,781.00","22,760.00",20210921
"22,769.00","22,782.00","22,771.00",20210920
"22,770.00","22,772.50","22,754.00",20210917
"22,753.00","22,765.00","22,753.00",20210916
"22,758.00","22,766.00","22,754.50",20210915
"22,759.00","22,766.50","22,756.50",20210914
"22,759.00","22,767.50","22,756.50",20210913
"22,757.00","22,767.00","22,754.50",20210910
"22,765.00","22,767.50","22,754.50",20219209
"22,757.00","22,769.00","22,751.00",20219208
"22,758.00","22,790.00","22,755.00",20219207
"22,760.00","22,781.50","22,762.50",20219206
"22,760.00","22,760.00","22,760.00",20219203
"22,760.00","22,760.00","22,760.00",20219202
"22,760.00","22,795.00","22,763.00",20219201
"22,775.00","22,785.50","22,771.50",20210831
"22,775.00","22,800.50","22,777.50",20210830
"22,789.00","22,794.50","22,777.50",20210827
"22,785.00","22,819.00","22,782.50",20210826
"22,790.00","22,830.00","22,792.50",20210825
"22,820.00","22,833.50","22,821.00",20210824
"22,825.00","22,832.50","22,814.50",20210823
"22,820.00","22,834.00","22,808.50",20210820
"22,812.00","22,837.50","22,805.00",20210819
"22,807.00","22,839.00","22,798.00",20210818
"22,830.00","22,840.50","22,805.00",20210817
"22,830.00","22,846.00","22,817.50",20210816
"22,830.00","22,832.50","22,800.00",20210813
"22,805.00","22,845.00","22,785.00",20210812
"22,809.00","22,955.00","22,790.00",20210811
"22,887.00","22,943.00","22,882.00",20210810
"22,925.00","22,966.00","22,920.50",20218209
"22,927.00","22,957.00","22,921.50",20218206
"22,936.00","22,952.00","22,938.00",20218205
"22,945.00","22,957.00","22,930.00",20218204
"22,950.00","22,985.00","22,928.50",20218203
"22,950.00","22,961.50","22,952.50",20218202
"22,950.00","22,992.50","22,952.50",20210730
"22,965.00","23,020.00","22,966.50",20210729
"22,999.00","23,022.50","22,999.50",20210728
"23,005.00","23,022.50","23,006.50",20210727
"23,008.00","23,022.50","23,004.50",20210726
"23,005.00","23,025.00","23,004.50",20210723
"23,010.00","23,025.00","23,009.50",20210722
"23,022.00","23,029.00","23,015.00",20210721
"23,026.00","23,028.50","23,017.50",20210720
"23,020.00","23,027.50","23,012.00",20210719
"23,011.00","23,016.50","23,000.00",20210716
"23,009.00","23,020.00","23,011.00",20210715
"23,011.00","23,021.00","23,012.00",20210714
"23,010.00","23,029.00","23,002.50",20210713
"23,020.00","23,022.00","23,000.00",20210712
"23,000.00","23,031.50","22,997.50",20217209
"23,007.00","23,032.00","23,006.00",20217208
"23,015.00","23,017.50","22,999.50",20217207
"23,007.00","23,016.00","22,992.50",20217206
"22,996.00","23,011.50","22,989.50",20217205
"22,998.00","23,025.00","22,999.50",20217202
"23,010.00","23,025.00","23,005.00",20217201
"23,014.00","23,028.00","23,016.00",20210630
"23,020.00","23,030.00","23,014.50",20210629
"23,020.00","23,025.00","23,012.00",20210628
"23,020.00","23,052.00","23,002.50",20210625
"23,003.00","23,030.00","23,002.50",20210624
"23,020.00","23,028.00","23,022.50",20210623
"23,025.00","23,027.50","23,011.00",20210622
"23,014.00","23,050.00","22,947.50",20210621
"22,995.00","23,015.00","22,949.00",20210618
"22,960.00","22,968.00","22,948.50",20210617
"22,946.00","22,953.50","22,942.00",20210616
"22,947.00","22,956.00","22,946.50",20210615
"22,944.00","22,954.00","22,941.00",20210614
"22,945.00","22,965.00","22,943.00",20210611
"22,947.00","23,005.00","22,943.00",20210610
"22,955.00","23,010.50","22,955.50",20216209
"22,952.00","23,012.50","22,943.50",20216208
"23,000.00","23,055.00","23,005.00",20216207
"23,044.00","23,056.00","23,043.00",20216204
"23,041.00","23,053.00","23,042.00",20216203
"23,040.00","23,048.00","23,041.50",20216202
"23,044.00","23,062.00","23,042.50",20216201
"23,040.00","23,054.00","23,042.50",20210531
"23,045.00","23,057.00","23,043.00",20210528
"23,045.00","23,062.00","23,045.00",20210527
"23,055.00","23,062.50","23,050.50",20210526
"23,060.00","23,065.00","23,051.50",20210525
"23,056.00","23,060.50","23,047.50",20210524
"23,054.00","23,057.50","23,042.00",20210521
"23,045.00","23,052.50","23,041.50",20210520
"23,045.00","23,051.50","23,042.00",20210519
"23,040.00","23,048.00","23,039.00",20210518
"23,046.00","23,054.50","23,041.50",20210517
"23,048.00","23,052.50","23,047.00",20210514
"23,040.00","23,070.50","23,045.00",20210513
"23,053.00","23,064.00","23,050.00",20210512
"23,055.00","23,065.00","23,050.00",20210511
"23,060.00","23,066.00","23,049.50",20210510
"23,060.00","23,070.50","23,055.50",20215207
"23,067.00","23,071.00","23,047.50",20215206
"23,060.00","23,071.00","23,047.50",20215205
"23,050.00","23,071.50","23,047.50",20215204
"23,054.00","23,054.00","23,054.00",20215203
"23,054.00","23,054.00","23,054.00",20210430
"23,054.00","23,065.00","23,041.00",20210429
"23,047.00","23,060.00","23,036.50",20210428
"23,042.00","23,058.00","23,040.00",20210427
"23,040.00","23,075.00","23,042.50",20210426
"23,070.00","23,075.50","23,057.50",20210423
"23,070.00","23,076.00","23,065.00",20210422
"23,074.00","23,074.00","23,074.00",20210421
"23,074.00","23,080.00","23,068.50",20210420
"23,073.00","23,076.50","23,067.00",20210419
"23,067.00","23,076.50","23,064.50",20210416
"23,073.00","23,079.00","23,064.50",20210415
"23,078.00","23,081.50","23,066.50",20210414
"23,069.00","23,075.50","23,065.50",20210413
"23,067.00","23,075.00","23,061.00",20210412
"23,065.00","23,086.50","23,064.00",20214209
"23,085.00","23,095.00","23,083.00",20214208
"23,090.00","23,093.50","23,088.00",20214207
"23,090.00","23,096.00","23,075.00",20214206
"23,079.00","23,083.00","23,069.00",20214205
"23,073.00","23,079.50","23,069.00",20214202
"23,065.00","23,078.00","23,069.50",20214201
"23,074.00","23,077.50","23,068.50",20210331
"23,070.00","23,077.50","23,067.50",20210330
"23,070.00","23,092.50","23,069.50",20210329
"23,084.00","23,095.00","23,077.00",20210326
"23,084.00","23,092.50","23,072.50",20210325
"23,080.00","23,085.50","23,065.00",20210324
"23,070.00","23,083.00","23,065.00",20210323
"23,076.00","23,085.00","23,060.00",20210322
"23,073.00","23,077.50","23,060.50",20210319
"23,065.00","23,070.00","23,054.00",20210318
"23,045.00","23,080.50","23,055.00",20210317
"23,082.00","23,083.50","23,064.50",20210316
"23,081.00","23,082.00","23,055.00",20210315
"23,055.00","23,058.50","23,037.50",20210312
"23,051.00","23,059.00","23,032.50",20210311
"23,052.00","23,062.50","23,032.50",20210310
"23,060.00","23,062.50","23,030.00",20213209
"23,025.00","23,046.00","23,020.50",20213208
"23,033.00","23,040.00","23,016.50",20213205
"23,019.00","23,030.50","23,015.00",20213204
"23,020.00","23,035.00","23,021.00",20213203
"23,022.00","23,035.00","23,022.00",20213202
"23,020.00","23,040.00","23,015.00",20213201
"23,015.00","23,027.50","23,007.50",20210226
"23,025.00","23,030.00","23,015.00",20210225
"23,020.00","23,030.00","23,019.50",20210224
"23,025.00","23,030.00","23,019.50",20210223
"23,020.00","23,029.00","23,015.00",20210222
"23,018.00","23,024.00","22,987.50",20210219
"23,015.00","23,057.50","23,002.50",20210218
"23,010.00","23,024.00","22,987.50",20210217
"23,010.00","23,010.00","23,010.00",20210216
"23,010.00","23,010.00","23,010.00",20210215
"23,010.00","23,010.00","23,010.00",20210212
"23,010.00","23,010.00","23,010.00",20210211
"23,010.00","23,010.00","23,010.00",20210210
"23,010.00","23,015.00","22,952.50",20212209
"22,970.00","23,033.50","22,965.00",20212208
"23,000.00","23,025.00","22,997.00",20212205
"23,015.00","23,030.00","23,019.00",20212204
"23,020.00","23,065.50","23,018.00",20212203
"23,027.00","23,065.50","23,016.00",20212202
"23,045.00","23,052.50","23,033.50",20212201
"23,048.00","23,072.50","23,042.50",20210129
"23,059.00","23,075.00","23,056.00",20210128
"23,069.00","23,075.00","23,064.50",20210127
"23,069.00","23,075.00","23,064.50",20210126
"23,060.00","23,077.50","23,065.00",20210125
"23,070.00","23,081.50","23,041.00",20210122
"23,060.00","23,077.50","23,067.00",20210121
"23,072.00","23,090.00","23,066.00",20210120
"23,069.00","23,075.00","23,065.00",20210119
"23,069.00","23,100.00","23,063.50",20210118
"23,065.00","23,075.00","23,058.50",20210115
"23,064.00","23,070.50","23,062.50",20210114
"23,064.00","23,072.50","23,057.00",20210113
"23,065.00","23,072.50","23,062.50",20210112
"23,050.00","23,080.00","23,057.50",20210111
"23,066.00","23,084.00","23,063.50",20211208
"23,078.00","23,130.00","23,075.00",20211207
"23,090.00","23,098.00","23,086.50",20211206
"23,080.00","23,125.50","23,080.00",20211205
"23,070.00","23,100.00","23,077.00",20211204
"23,070.00","23,070.00","23,070.00",20211201
"23,070.00","23,111.00","23,077.50",20201231
"23,088.00","23,135.00","23,075.00",20201230
"23,120.00","23,135.00","23,121.50",20201229
"23,125.00","23,149.50","23,124.00",20201228
"23,130.00","23,154.50","23,124.50",20201225
"23,125.00","23,140.50","23,127.00",20201224
"23,130.00","23,140.00","23,123.50",20201223
"23,127.00","23,137.00","23,124.00",20201222
"23,120.00","23,132.50","23,122.50",20201221
"23,124.00","23,132.00","23,120.00",20201218
"23,120.00","23,135.50","23,119.50",20201217
"23,126.00","23,136.00","23,125.80",20201216
"23,126.00","23,153.50","23,126.00",20201215
"23,126.00","23,178.50","23,126.00",20201214
"23,128.00","23,178.50","23,127.00",20201211
"23,128.00","23,137.50","23,127.00",20201210
"23,128.00","23,137.50","23,127.00",20201209
"23,128.00","23,137.50","23,127.00",20201208
"23,127.00","23,137.50","23,126.50",20201207
"23,130.00","23,137.50","23,128.00",20201204
"23,125.00","23,137.50","23,119.50",20201203
"23,129.00","23,141.00","23,123.00",20201202
"23,129.00","23,142.50","23,125.00",20201201
"23,140.00","23,178.50","23,132.50",20201130
"23,160.00","23,182.50","23,155.00",20201127
"23,164.00","23,167.00","23,157.50",20201126
"23,160.00","23,167.50","23,151.50",20201125
"23,151.00","23,180.00","23,151.00",20201124
"23,177.00","23,186.00","23,168.50",20201123
"23,176.00","23,186.00","23,173.50",20201120
"23,176.00","23,183.00","23,171.00",20201119
"23,160.00","23,183.00","23,163.00",20201118
"23,163.00","23,183.00","23,162.50",20201117
"23,175.00","23,183.00","23,173.00",20201116
"23,175.00","23,185.00","23,172.50",20201113
"23,175.00","23,176.00","23,174.50",20201112
"23,175.00","23,182.50","23,172.50",20201111
"23,173.00","23,182.50","23,172.50",20201110
"23,170.00","23,182.50","23,172.50",20201109
"23,176.00","23,185.00","23,172.50",20201106
"23,175.00","23,183.00","23,173.00",20201105
"23,176.00","23,178.50","23,176.00",20201104
"23,176.00","23,188.00","23,172.00",20201103
"23,177.00","23,183.50","23,173.50",20201102
"23,180.00","23,185.50","23,173.50",20201030
"23,170.00","23,186.00","23,175.00",20201029
"23,176.00","23,183.50","23,173.00",20201028
"23,175.00","23,183.00","23,173.00",20201027
"23,175.00","23,183.50","23,172.50",20201026
"23,176.00","23,185.00","23,173.50",20201023
"23,176.00","23,180.00","23,176.00",20201022
"23,177.00","23,182.00","23,178.00",20201021
"23,179.00","23,184.50","23,174.00",20201020
"23,175.00","23,183.50","23,173.00",20201019
"23,175.00","23,185.00","23,173.00",20201016
"23,170.00","23,183.50","23,173.00",20201015
"23,175.00","23,183.50","23,173.00",20201014
"23,177.00","23,185.50","23,174.00",20201013
"23,178.00","23,207.50","23,174.00",20201012
"23,180.00","23,207.50","23,181.50",20201009
"23,191.00","23,207.50","23,190.00",20201008
"23,205.00","23,209.00","23,192.00",20201007
"23,205.00","23,209.50","23,191.00",20201006
"23,203.00","23,206.50","23,173.00",20201005
"23,191.00","23,195.00","23,173.00",20201002
"23,188.00","23,191.50","23,175.00",20201001
"23,181.00","23,187.00","23,173.00",20200930
"23,190.00","23,191.00","23,176.00",20200929
"23,188.00","23,195.50","23,172.50",20200928
"23,191.00","23,197.50","23,177.50",20200925
"23,184.00","23,187.50","23,173.00",20200924
"23,185.00","23,187.50","23,173.00",20200923
"23,177.00","23,184.50","23,173.00",20200922
"23,178.00","23,186.00","23,173.00",20200921
"23,170.00","23,185.00","23,173.00",20200918
"23,170.00","23,183.50","23,173.00",20200917
"23,178.00","23,184.00","23,173.00",20200916
"23,175.00","23,178.00","23,175.00",20200915
"23,175.00","23,185.50","23,172.50",20200914
"23,174.00","23,183.00","23,172.50",20200911
"23,172.50","23,185.00","23,173.00",20200910
"23,175.00","23,187.50","23,173.00",20209209
"23,176.00","23,184.00","23,173.00",20209208
"23,174.00","23,184.00","23,172.50",20209207
"23,178.00","23,184.00","23,171.00",20209204
"23,174.00","23,177.00","23,171.00",20209203
"23,174.00","23,174.00","23,174.00",20209202
"23,174.00","23,182.00","23,172.00",20209201
"23,174.00","23,182.00","23,171.00",20200831
"23,174.00","23,182.50","23,171.00",20200828
"23,174.00","23,182.50","23,172.50",20200827
"23,174.00","23,182.50","23,171.00",20200826
"23,170.00","23,183.50","23,171.00",20200825
"23,177.00","23,187.50","23,174.50",20200824
"23,175.00","23,183.00","23,173.00",20200821
"23,174.00","23,182.50","23,172.50",20200820
"23,174.00","23,177.50","23,172.50",20200819
"23,174.00","23,182.50","23,172.50",20200818
"23,174.00","23,187.50","23,170.00",20200817
"23,174.00","23,184.00","23,172.50",20200814
"23,174.00","23,184.00","23,172.50",20200813
"23,175.00","23,183.00","23,172.50",20200812
"23,174.00","23,182.00","23,172.50",20200811
"23,170.00","23,200.00","23,172.50",20200810
"23,173.00","23,182.50","23,172.50",20208207
"23,173.00","23,182.50","23,172.50",20208206
"23,174.00","23,182.50","23,172.50",20208205
"23,175.00","23,183.00","23,172.50",20208204
"23,170.00","23,183.00","23,169.00",20208203
"23,170.00","23,183.50","23,173.00",20200731
"23,175.00","23,183.00","23,173.00",20200730
"23,175.00","23,184.50","23,173.50",20200729
"23,170.00","23,200.00","23,174.00",20200728
"23,181.00","23,187.50","23,178.50",20200727
"23,175.00","23,186.50","23,173.00",20200724
"23,180.00","23,186.00","23,176.00",20200723
"23,184.00","23,195.00","23,175.50",20200722
"23,180.00","23,190.00","23,176.00",20200721
"23,188.00","23,195.50","23,179.00",20200720
"23,191.00","23,195.50","23,177.50",20200717
"23,184.00","23,187.50","23,176.50",20200716
"23,183.00","23,192.50","23,175.50",20200715
"23,181.00","23,232.50","23,175.00",20200714
"23,179.00","23,197.50","23,175.00",20200713
"23,177.00","23,204.50","23,173.00",20200710
"23,184.00","23,206.00","23,183.50",20207209
"23,188.00","23,210.00","23,185.00",20207208
"23,180.00","23,211.50","23,183.00",20207207
"23,201.00","23,207.50","23,198.00",20207206
"23,199.00","23,210.00","23,197.50",20207203
"23,202.00","23,210.00","23,195.00",20207202
"23,203.00","23,213.50","23,198.50",20207201
"23,204.00","23,210.00","23,199.00",20200630
"23,198.00","23,216.00","23,197.50",20200629
"23,210.00","23,219.00","23,200.00",20200626
"23,208.00","23,220.50","23,200.00",20200625
"23,195.00","23,223.00","23,204.00",20200624
"23,213.00","23,219.00","23,207.50",20200623
"23,210.00","23,220.00","23,207.50",20200622
"23,215.00","23,225.00","23,194.00",20200619
"23,210.00","23,218.00","23,193.50",20200618
"23,196.00","23,240.00","23,194.00",20200617
"23,210.00","23,235.50","23,206.50",20200616
"23,220.00","23,243.00","23,205.00",20200615
"23,206.00","23,225.00","23,199.00",20200612
"23,215.00","23,217.50","23,190.00",20200611
"23,190.00","23,220.00","23,186.50",20200610
"23,205.00","23,265.00","23,202.00",20206209
"23,255.00","23,265.00","23,239.50",20206208
"23,255.00","23,262.00","23,250.00",20206205
"23,263.00","23,274.00","23,257.50",20206204
"23,260.00","23,273.00","23,252.50",20206203
"23,253.00","23,282.00","23,247.50",20206202
"23,260.00","23,301.00","23,254.00",20206201
"23,280.00","23,305.00","23,275.00",20200529
"23,300.00","23,329.00","23,287.50",20200528
"23,325.00","23,331.50","23,300.00",20200527
"23,336.00","23,338.00","23,301.00",20200526
"23,312.00","23,320.00","23,272.50",20200525
"23,267.00","23,282.00","23,252.50",20200522
"23,275.00","23,285.00","23,252.50",20200521
"23,270.00","23,311.50","23,271.00",20200520
"23,295.00","23,370.00","23,292.50",20200519
"23,338.00","23,360.00","23,335.00",20200518
"23,355.00","23,371.50","23,351.00",20200515
"23,350.00","23,386.00","23,349.00",20200514
"23,347.00","23,380.00","23,334.00",20200513
"23,330.00","23,382.50","23,318.00",20200512
"23,322.00","23,405.00","23,318.00",20200511
"23,377.00","23,475.00","23,373.50",20205208
"23,425.00","23,432.50","23,421.50",20205207
"23,423.00","23,437.50","23,418.00",20205206
"23,421.00","23,427.50","23,419.50",20205205
"23,445.00","23,475.00","23,439.00",20205204
"23,428.00","23,428.00","23,428.00",20205201
"23,428.00","23,428.00","23,428.00",20200430
"23,428.00","23,450.00","23,423.50",20200429
"23,442.00","23,477.50","23,440.00",20200428
"23,455.00","23,510.00","23,454.00",20200427
"23,505.00","23,518.00","23,493.50",20200424
"23,485.00","23,524.00","23,452.50",20200423
"23,479.00","23,500.00","23,460.00",20200422
"23,460.00","23,465.00","23,447.50",20200421
"23,450.00","23,455.00","23,422.50",20200420
"23,424.00","23,460.00","23,418.50",20200417
"23,440.00","23,465.00","23,437.50",20200416
"23,440.00","23,478.50","23,442.50",20200415
"23,471.00","23,475.50","23,435.00",20200414
"23,432.00","23,460.00","23,420.00",20200413
"23,435.00","23,517.00","23,420.00",20200410
"23,488.00","23,532.00","23,471.00",20204209
"23,550.00","23,565.00","23,460.00",20204208
"23,450.00","23,470.00","23,447.50",20204207
"23,440.00","23,555.00","23,450.00",20204206
"23,550.00","23,605.00","23,481.00",20204203
"23,590.00","23,590.00","23,590.00",20204202
"23,590.00","23,628.00","23,587.50",20204201
"23,616.00","23,635.00","23,612.00",20200331
"23,640.00","23,642.50","23,618.00",20200330
"23,620.00","23,640.00","23,617.00",20200327
"23,620.00","23,645.00","23,597.50",20200326
"23,600.00","23,630.00","23,565.00",20200325
"23,580.00","23,651.00","23,587.50",20200324
"23,540.00","23,558.50","23,460.00",20200323
"23,455.00","23,472.50","23,369.50",20200320
"23,354.00","23,430.00","23,246.50",20200319
"23,282.00","23,285.00","23,241.00",20200318
"23,238.00","23,255.00","23,214.50",20200317
"23,225.00","23,236.00","23,214.50",20200316
"23,208.00","23,223.50","23,172.50",20200313
"23,195.00","23,196.50","23,171.50",20200312
"23,172.00","23,183.00","23,171.50",20200311
"23,174.00","23,210.00","23,172.50",20200310
"23,172.00","23,218.00","23,173.50",20203209
"23,205.00","23,220.00","23,199.50",20203206
"23,210.00","23,227.50","23,201.00",20203205
"23,206.00","23,232.00","23,202.00",20203204
"23,218.00","23,241.00","23,216.50",20203203
"23,240.00","23,243.50","23,225.50",20203202
"23,240.00","23,245.50","23,230.50",20200228
"23,240.00","23,259.50","23,222.50",20200227
"23,240.00","23,280.00","23,236.00",20200226
"23,270.00","23,290.00","23,250.00",20200225
"23,247.00","23,255.50","23,240.00",20200224
"23,242.00","23,251.50","23,230.00",20200221
"23,236.00","23,288.50","23,226.00",20200220
"23,225.00","23,248.00","23,225.50",20200219
"23,239.00","23,245.00","23,225.00",20200218
"23,228.00","23,253.50","23,224.50",20200217
"23,245.00","23,254.00","23,230.00",20200214
"23,239.00","23,242.50","23,221.50",20200213
"23,250.00","23,255.00","23,219.50",20200212
"23,240.00","23,262.50","23,217.50",20200211
"23,258.00","23,262.50","23,214.50",20200210
"23,230.00","23,242.50","23,219.50",20202207
"23,221.00","23,228.50","23,217.00",20202206
"23,220.00","23,267.00","23,217.50",20202205
"23,230.00","23,267.50","23,234.00",20202204
"23,250.00","23,278.00","23,220.00",20202203
"23,222.00","23,228.00","23,168.00",20200131
"23,182.00","23,186.50","23,169.00",20200130
"23,169.00","23,169.00","23,169.00",20200129
"23,169.00","23,169.00","23,169.00",20200128
"23,169.00","23,169.00","23,169.00",20200127
"23,169.00","23,169.00","23,169.00",20200124
"23,169.00","23,169.00","23,169.00",20200123
"23,169.00","23,204.50","23,167.50",20200122
"23,170.00","23,174.00","23,167.50",20200121
"23,169.00","23,172.50","23,167.50",20200120
"23,170.00","23,175.50","23,164.00",20200117
"23,171.00","23,177.50","23,169.00",20200116
"23,170.00","23,177.50","23,172.50",20200115
"23,175.00","23,177.50","23,172.00",20200114
"23,173.00","23,177.00","23,172.00",20200113
"23,176.00","23,205.00","23,172.00",20200110
"23,173.00","23,180.00","23,173.50",20201209
"23,175.00","23,181.00","23,174.00",20201208
"23,175.00","23,179.00","23,172.50",20201207
"23,176.00","23,178.00","23,171.50",20201206
"23,171.00","23,174.50","23,169.00",20201203
"23,168.00","23,175.50","23,168.50",20201202
"23,171.00","23,171.00","23,171.00",20201201
"23,171.00","23,176.50","23,169.00",20191231
"23,170.00","23,175.50","23,169.00",20191230
"23,171.00","23,177.00","23,171.00",20191227
"23,174.00","23,177.50","23,169.00",20191226
"23,173.00","23,178.00","23,170.00",20191225
"23,176.00","23,179.00","23,172.50",20191224
"23,173.00","23,178.00","23,170.50",20191223
"23,175.00","23,195.00","23,170.00",20191220
"23,169.00","23,176.50","23,168.50",20191219
"23,173.00","23,177.00","23,171.50",20191218
"23,176.00","23,178.00","23,169.00",20191217
"23,176.00","23,178.00","23,169.50",20191216
"23,173.00","23,199.50","23,168.00",20191213
"23,169.00","23,176.50","23,167.50",20191212
"23,175.00","23,177.50","23,169.00",20191211
"23,170.00","23,176.00","23,168.50",20191210
"23,170.00","23,177.50","23,168.00",20191209
"23,175.00","23,210.00","23,166.50",20191206
"23,167.00","23,181.00","23,167.00",20191205
"23,170.00","23,177.50","23,166.50",20191204
"23,170.00","23,180.00","23,171.00",20191203
"23,175.00","23,202.50","23,165.00",20191202
"23,179.00","23,202.50","23,180.00",20191129
"23,200.00","23,207.50","23,197.50",20191128
"23,200.00","23,207.50","23,196.00",20191127
"23,190.00","23,198.00","23,186.00",20191126
"23,197.00","23,202.00","23,195.50",20191125
"23,195.00","23,201.00","23,192.50",20191122
"23,193.00","23,201.50","23,192.50",20191121
"23,199.00","23,208.50","23,198.50",20191120
"23,200.00","23,207.00","23,198.50",20191119
"23,205.00","23,207.00","23,201.50",20191118
"23,204.00","23,206.00","23,201.00",20191115
"23,200.00","23,203.50","23,200.50",20191114
"23,199.00","23,203.00","23,198.50",20191113
"23,199.00","23,200.50","23,198.50",20191112
"23,200.00","23,202.00","23,198.00",20191111
"23,198.00","23,202.50","23,197.50",20191108
"23,199.00","23,202.50","23,198.00",20191107
"23,199.00","23,202.50","23,198.00",20191106
"23,199.00","23,202.50","23,198.50",20191105
"23,199.00","23,202.50","23,198.50",20191104
"23,200.00","23,202.00","23,199.00",20191101
"23,202.00","23,204.50","23,198.50",20191031
"23,200.00","23,204.50","23,199.00",20191030
"23,202.00","23,206.00","23,199.50",20191029
"23,200.00","23,203.50","23,199.00",20191028
"23,200.00","23,207.00","23,198.50",20191025
"23,203.00","23,209.50","23,203.00",20191024
"23,205.00","23,210.00","23,203.00",20191023
"23,201.00","23,209.00","23,202.00",20191022
"23,205.00","23,208.00","23,201.00",20191021
"23,203.00","23,208.50","23,201.50",20191018
"23,206.00","23,211.50","23,201.00",20191017
"23,202.00","23,204.50","23,201.00",20191016
"23,201.00","23,205.50","23,200.50",20191015
"23,200.00","23,205.50","23,199.00",20191014
"23,200.00","23,208.00","23,196.00",20191011
"23,200.00","23,226.00","23,190.00",20191010
"23,225.00","23,226.00","23,200.00",20191009
"23,200.00","23,206.00","23,200.00",20191008
"23,200.00","23,207.00","23,201.00",20191007
"23,200.00","23,207.00","23,201.00",20191004
"23,200.00","23,206.00","23,201.00",20191003
"23,200.00","23,205.50","23,201.00",20191002
"23,201.00","23,205.50","23,201.00",20191001
"23,200.00","23,206.50","23,200.50",20190930
"23,200.00","23,205.50","23,200.00",20190927
"23,200.00","23,205.00","23,199.50",20190926
"23,200.00","23,206.50","23,201.00",20190925
"23,200.00","23,208.00","23,200.00",20190924
"23,202.00","23,209.00","23,201.00",20190923
"23,203.00","23,213.00","23,202.00",20190920
"23,211.00","23,226.00","23,207.50",20190919
"23,209.00","23,230.00","23,208.50",20190918
"23,225.00","23,231.00","23,219.00",20190917
"23,218.00","23,222.50","23,213.00",20190916
"23,205.00","23,221.50","23,206.00",20190913
"23,205.00","23,211.50","23,199.00",20190912
"23,199.00","23,204.00","23,196.00",20190911
"23,199.00","23,202.00","23,196.00",20190910
"23,199.00","23,202.50","23,195.00",20199209
"23,198.00","23,202.00","23,194.00",20199206
"23,198.00","23,206.00","23,196.00",20199205
"23,199.00","23,202.50","23,194.00",20199204
"23,198.00","23,203.00","23,186.00",20199203
"23,185.00","23,185.00","23,185.00",20199202
"23,185.00","23,204.00","23,183.50",20190830
"23,195.00","23,208.50","23,195.50",20190829
"23,206.00","23,212.00","23,197.50",20190828
"23,197.00","23,205.50","23,196.50",20190827
"23,198.00","23,217.50","23,196.50",20190826
"23,198.00","23,212.50","23,195.00",20190823
"23,200.00","23,211.50","23,199.50",20190822
"23,200.00","23,211.50","23,201.00",20190821
"23,203.00","23,214.00","23,200.00",20190820
"23,205.00","23,217.00","23,206.00",20190819
"23,211.00","23,217.50","23,206.00",20190816
"23,208.00","23,209.50","23,203.50",20190815
"23,200.00","23,212.50","23,199.00",20190814
"23,205.00","23,208.00","23,199.00",20190813
"23,197.00","23,252.00","23,197.50",20190812
"23,204.00","23,215.00","23,199.50",20198209
"23,220.00","23,242.50","23,208.50",20198208
"23,215.00","23,264.50","23,213.00",20198207
"23,250.00","23,292.50","23,249.00",20198206
"23,268.00","23,280.50","23,223.00",20198205
"23,215.00","23,236.00","23,205.00",20198202
"23,200.00","23,222.50","23,199.00",20198201
"23,230.00","23,232.50","23,198.50",20190731
"23,200.00","23,216.00","23,200.50",20190730
"23,205.00","23,217.50","23,208.50",20190729
"23,205.00","23,216.50","23,203.50",20190726
"23,209.00","23,213.00","23,201.50",20190725
"23,205.00","23,224.50","23,208.50",20190724
"23,209.00","23,251.00","23,206.50",20190723
"23,211.00","23,246.00","23,210.00",20190722
"23,244.00","23,250.50","23,199.50",20190719
"23,214.00","23,222.50","23,202.50",20190718
"23,200.00","23,204.00","23,185.00",20190717
"23,200.00","23,202.50","23,195.00",20190716
"23,199.00","23,206.00","23,185.00",20190715
"23,200.00","23,205.00","23,192.50",20190712
"23,200.00","23,237.50","23,197.50",20190711
"23,210.00","23,245.00","23,212.50",20190710
"23,220.00","23,252.50","23,225.50",20197209
"23,245.00","23,252.50","23,235.00",20197208
"23,235.00","23,248.50","23,235.00",20197205
"23,240.00","23,254.50","23,215.00",20197204
"23,245.00","23,250.00","23,225.00",20197203
"23,230.00","23,275.00","23,228.50",20197202
"23,250.00","23,316.00","23,250.00",20197201
"23,300.00","23,319.00","23,287.00",20190628
"23,310.00","23,335.00","23,305.00",20190627
"23,300.00","23,325.00","23,288.00",20190626
"23,296.00","23,307.50","23,286.00",20190625
"23,286.00","23,302.50","23,282.50",20190624
"23,280.00","23,312.50","23,285.00",20190621
"23,295.00","23,315.00","23,295.00",20190620
"23,315.00","23,342.00","23,297.00",20190619
"23,335.00","23,351.50","23,322.50",20190618
"23,345.00","23,372.50","23,324.00",20190617
"23,330.00","23,335.00","23,316.50",20190614
"23,310.00","23,350.00","23,312.00",20190613
"23,315.00","23,350.00","23,320.00",20190612
"23,337.00","23,381.50","23,340.00",20190611
"23,360.00","23,421.50","23,357.00",20190610
"23,395.00","23,412.50","23,387.00",20196207
"23,402.00","23,421.50","23,392.50",20196206
"23,412.00","23,417.50","23,406.00",20196205
"23,395.00","23,410.00","23,393.00",20196204
"23,393.00","23,419.50","23,390.00",20196203
"23,410.00","23,421.50","23,409.50",20190531
"23,415.00","23,422.50","23,405.00",20190530
"23,406.00","23,416.00","23,395.00",20190529
"23,392.00","23,401.50","23,385.00",20190528
"23,386.00","23,402.50","23,383.00",20190527
"23,380.00","23,403.50","23,375.00",20190524
"23,388.00","23,389.50","23,375.00",20190523
"23,370.00","23,407.50","23,375.00",20190522
"23,390.00","23,407.50","23,380.00",20190521
"23,400.00","23,437.50","23,390.00",20190520
"23,388.00","23,401.00","23,332.50",20190517
"23,300.00","23,343.50","23,277.50",20190516
"23,300.00","23,360.50","23,297.50",20190515
"23,375.00","23,382.50","23,352.50",20190514
"23,325.00","23,375.00","23,305.00",20190513
"23,345.00","23,397.50","23,342.50",20190510
"23,380.00","23,410.00","23,372.50",20195209
"23,365.00","23,395.50","23,295.00",20195208
"23,290.00","23,347.00","23,295.00",20195207
"23,280.00","23,302.50","23,265.00",20195206
"23,249.00","23,270.00","23,251.50",20195203
"23,260.00","23,266.00","23,252.00",20195202
"23,285.00","23,285.00","23,285.00",20195201
"23,285.00","23,285.00","23,285.00",20190430
"23,285.00","23,285.00","23,285.00",20190429
"23,285.00","23,291.00","23,221.50",20190426
"23,215.00","23,269.00","23,220.00",20190425
"23,215.00","23,226.00","23,214.00",20190424
"23,210.00","23,222.50","23,210.00",20190423
"23,218.00","23,219.00","23,206.00",20190422
"23,210.00","23,213.00","23,201.00",20190419
"23,203.00","23,204.00","23,199.00",20190418
"23,198.00","23,202.50","23,196.00",20190417
"23,199.00","23,205.00","23,197.50",20190416
"23,199.00","23,199.00","23,199.00",20190415
"23,199.00","23,201.00","23,195.00",20190412
"23,196.00","23,201.50","23,195.00",20190411
"23,200.00","23,201.50","23,196.50",20190410
"23,198.00","23,201.00","23,195.50",20194209
"23,199.00","23,203.00","23,197.00",20194208
"23,199.00","23,206.00","23,187.00",20194205
"23,198.00","23,203.00","23,197.00",20194204
"23,199.00","23,201.50","23,197.00",20194203
"23,197.00","23,202.00","23,196.50",20194202
"23,199.00","23,204.00","23,197.00",20194201
"23,203.00","23,204.00","23,197.00",20190329
"23,200.00","23,203.50","23,198.00",20190328
"23,198.00","23,200.50","23,196.00",20190327
"23,198.00","23,201.00","23,195.50",20190326
"23,199.00","23,202.50","23,198.00",20190325
"23,199.00","23,203.50","23,198.50",20190322
"23,200.00","23,210.00","23,196.50",20190321
"23,209.00","23,212.00","23,177.00",20190320
"23,208.00","23,221.00","23,199.00",20190319
"23,202.00","23,209.00","23,199.00",20190318
"23,198.00","23,205.50","23,198.50",20190315
"23,198.00","23,206.50","23,197.50",20190314
"23,199.00","23,200.50","23,197.00",20190313
"23,198.00","23,200.50","23,197.50",20190312
"23,198.00","23,201.50","23,196.00",20190311
"23,199.00","23,201.00","23,196.00",20193208
"23,197.00","23,202.50","23,197.00",20193207
"23,200.00","23,202.00","23,197.00",20193206
"23,198.00","23,202.00","23,197.00",20193205
"23,200.00","23,202.50","23,196.00",20193204
"23,202.00","23,204.00","23,180.00",20193201
"23,199.00","23,216.00","23,170.00",20190228
"23,199.00","23,202.50","23,195.50",20190227
"23,200.00","23,218.50","23,197.50",20190226
"23,216.00","23,223.50","23,170.00",20190225
"23,209.00","23,257.00","23,180.00",20190222
"23,210.00","23,213.50","23,199.00",20190221
"23,198.00","23,202.50","23,193.50",20190220
"23,199.00","23,202.50","23,196.00",20190219
"23,199.00","23,225.00","23,179.50",20190218
"23,201.00","23,206.50","23,196.00",20190215
"23,201.00","23,204.00","23,196.50",20190214
"23,196.00","23,212.50","23,197.50",20190213
"23,208.00","23,212.50","23,202.50",20190212
"23,210.00","23,220.00","23,199.00",20190211
"23,200.00","23,200.00","23,200.00",20192208
"23,200.00","23,200.00","23,200.00",20192207
"23,200.00","23,200.00","23,200.00",20192206
"23,200.00","23,200.00","23,200.00",20192205
"23,200.00","23,200.00","23,200.00",20192204
"23,200.00","23,215.00","23,187.50",20192201
"23,198.00","23,202.50","23,197.00",20190131
"23,203.00","23,208.00","23,194.00",20190130
"23,196.00","23,199.50","23,192.00",20190129
"23,194.00","23,214.00","23,171.00",20190128
"23,192.00","23,200.00","23,190.00",20190125
"23,196.00","23,201.00","23,195.00",20190124
"23,196.00","23,200.50","23,196.00",20190123
"23,198.00","23,202.30","23,196.50",20190122
"23,198.00","23,202.50","23,196.00",20190121
"23,197.00","23,203.30","23,196.50",20190118
"23,198.00","23,203.50","23,196.50",20190117
"23,198.00","23,203.50","23,196.00",20190116
"23,203.00","23,204.00","23,197.00",20190115
"23,199.00","23,202.50","23,196.00",20190114
"23,198.00","23,201.00","23,193.50",20190111
"23,196.00","23,201.00","23,193.00",20190110
"23,198.00","23,201.00","23,194.50",20191209
"23,198.00","23,200.50","23,193.50",20191208
"23,198.00","23,204.00","23,192.50",20191207
"23,198.00","23,202.50","23,194.00",20191204
"23,200.00","23,206.50","23,192.50",20191203
"23,205.00","23,210.00","23,192.50",20191202
"23,190.00","23,190.00","23,190.00",20191201
"23,190.00","23,190.00","23,190.00",20181231
"23,190.00","23,232.50","23,185.00",20181228
"23,230.00","23,287.50","23,220.00",20181227
"23,260.00","23,287.50","23,262.50",20181226
"23,277.00","23,282.50","23,275.00",20181225
"23,278.00","23,290.00","23,279.00",20181224
"23,282.00","23,297.50","23,278.00",20181221
"23,300.00","23,326.50","23,291.00",20181220
"23,307.00","23,316.50","23,303.50",20181219
"23,318.00","23,334.00","23,294.00",20181218
"23,318.00","23,328.00","23,285.00",20181217
"23,287.00","23,294.00","23,282.00",20181214
"23,285.00","23,303.50","23,282.50",20181213
"23,300.00","23,320.00","23,290.50",20181212
"23,300.00","23,328.00","23,297.50",20181211
"23,305.00","23,347.50","23,297.50",20181210
"23,310.00","23,328.00","23,312.50",20181207
"23,332.00","23,344.50","23,302.50",20181206
"23,306.00","23,308.00","23,293.50",20181205
"23,283.00","23,347.50","23,284.00",20181204
"23,300.00","23,317.00","23,296.00",20181203
"23,315.00","23,347.50","23,312.50",20181130
"23,327.00","23,347.50","23,326.50",20181129
"23,335.00","23,347.50","23,332.00",20181128
"23,345.00","23,348.50","23,332.50",20181127
"23,340.00","23,360.00","23,312.50",20181126
"23,360.00","23,362.50","23,317.50",20181123
"23,345.00","23,354.00","23,347.50",20181122
"23,352.00","23,353.50","23,317.50",20181121
"23,336.00","23,347.50","23,324.00",20181120
"23,310.00","23,347.50","23,304.50",20181119
"23,306.00","23,312.50","23,301.50",20181116
"23,308.00","23,347.50","23,302.50",20181115
"23,315.00","23,317.50","23,302.50",20181114
"23,308.00","23,313.00","23,302.50",20181113
"23,300.00","23,325.00","23,280.00",20181112
"23,290.00","23,326.00","23,295.00",20181109
"23,318.00","23,328.00","23,312.50",20181108
"23,326.00","23,333.00","23,311.50",20181107
"23,325.00","23,328.50","23,312.50",20181106
"23,310.00","23,332.50","23,306.00",20181105
"23,330.00","23,347.50","23,317.50",20181102
"23,345.00","23,349.00","23,334.50",20181101
"23,343.00","23,348.50","23,342.50",20181031
"23,343.00","23,348.50","23,331.50",20181030
"23,343.00","23,353.00","23,345.50",20181029
"23,355.00","23,357.00","23,348.50",20181026
"23,350.00","23,355.00","23,347.00",20181025
"23,348.00","23,352.50","23,345.00",20181024
"23,348.00","23,352.50","23,346.00",20181023
"23,348.00","23,352.00","23,345.00",20181022
"23,351.00","23,353.00","23,345.50",20181019
"23,347.00","23,349.00","23,343.00",20181018
"23,342.00","23,346.50","23,311.50",20181017
"23,338.00","23,342.50","23,333.00",20181016
"23,330.00","23,353.00","23,332.50",20181015
"23,343.00","23,348.00","23,342.50",20181012
"23,345.00","23,357.50","23,342.50",20181011
"23,350.00","23,356.50","23,348.00",20181010
"23,355.00","23,358.50","23,347.50",20181009
"23,350.00","23,354.00","23,311.50",20181008
"23,330.00","23,352.50","23,331.50",20181005
"23,348.00","23,351.50","23,343.50",20181004
"23,340.00","23,342.50","23,311.50",20181003
"23,325.00","23,335.50","23,322.00",20181002
"23,330.00","23,345.50","23,323.00",20181001
"23,325.00","23,345.50","23,322.50",20180928
"23,345.00","23,348.00","23,342.50",20180927
"23,348.00","23,350.50","23,341.00",20180926
"23,345.00","23,346.50","23,342.50",20180925
"23,337.00","23,341.00","23,334.00",20180924
"23,332.00","23,341.50","23,327.50",20180921
"23,320.00","23,330.50","23,296.50",20180920
"23,305.00","23,314.00","23,282.50",20180919
"23,280.00","23,317.50","23,278.50",20180918
"23,289.00","23,291.50","23,247.50",20180917
"23,247.00","23,277.50","23,238.50",20180914
"23,276.00","23,280.50","23,272.50",20180913
"23,280.00","23,287.50","23,281.00",20180912
"23,283.00","23,312.50","23,273.50",20180911
"23,302.00","23,312.50","23,295.50",20180910
"23,302.00","23,313.00","23,302.00",20189207
"23,314.00","23,317.00","23,307.50",20189206
"23,313.00","23,332.50","23,285.00",20189205
"23,312.00","23,317.00","23,296.50",20189204
"23,303.00","23,303.00","23,303.00",20189203
"23,303.00","23,306.50","23,293.50",20180831
"23,302.00","23,307.50","23,296.50",20180830
"23,300.00","23,312.50","23,292.00",20180829
"23,295.00","23,297.50","23,270.00",20180828
"23,293.00","23,305.00","23,287.50",20180827
"23,300.00","23,307.00","23,282.50",20180824
"23,281.00","23,283.00","23,270.00",20180823
"23,274.00","23,283.50","23,263.50",20180822
"23,268.00","23,275.00","23,259.00",20180821
"23,272.00","23,320.00","23,250.00",20180820
"23,293.00","23,315.50","23,286.50",20180817
"23,312.00","23,317.50","23,311.50",20180816
"23,310.00","23,317.50","23,311.50",20180815
"23,314.00","23,320.50","23,311.00",20180814
"23,310.00","23,315.00","23,312.50",20180813
"23,275.00","23,281.00","23,271.00",20180810
"23,275.00","23,286.50","23,277.00",20188209
"23,282.00","23,302.50","23,281.50",20188208
"23,302.00","23,312.50","23,302.00",20188207
"23,306.00","23,312.50","23,307.00",20188206
"23,304.00","23,307.50","23,280.50",20188203
"23,280.00","23,285.00","23,272.50",20188202
"23,290.00","23,293.00","23,282.00",20188201
"23,280.00","23,285.00","23,277.50",20180731
"23,255.00","23,262.50","23,250.00",20180730
"23,230.00","23,232.50","23,217.50",20180727
"23,175.00","23,185.00","23,175.00",20180726
"23,215.00","23,251.00","23,215.00",20180725
"23,248.00","23,255.00","23,249.50",20180724
"23,220.00","23,225.00","23,205.00",20180723
"23,053.00","23,057.50","23,049.50",20180720
"23,050.00","23,053.50","23,049.00",20180719
"23,049.00","23,052.50","23,048.50",20180718
"23,050.00","23,052.50","23,046.50",20180717
"23,050.00","23,052.50","23,047.50",20180716
"23,050.00","23,051.00","23,045.50",20180713
"23,047.00","23,048.50","23,041.00",20180712
"23,043.00","23,045.00","23,038.50",20180711
"23,039.00","23,043.50","23,039.00",20180710
"23,038.00","23,043.00","23,039.00",20187209
"23,035.00","23,043.50","23,036.50",20187206
"23,040.00","23,045.50","23,034.00",20187205
"23,038.00","23,045.00","23,032.50",20187204
"23,045.00","23,046.00","23,042.50",20187203
"22,952.00","22,965.00","22,954.50",20187202
"22,956.00","22,967.50","22,957.50",20180629
"22,935.00","22,948.50","22,937.50",20180628
"22,935.00","22,939.50","22,937.50",20180627
"22,920.00","22,924.00","22,897.50",20180626
"22,895.00","22,898.00","22,887.50",20180625
"22,891.00","22,896.50","22,892.50",20180622
"22,876.00","22,883.00","22,872.50",20180621
"22,866.00","22,867.50","22,857.00",20180620
"22,852.00","22,853.50","22,837.00",20180619
"22,835.00","22,836.00","22,816.50",20180618
"22,815.00","22,817.50","22,814.00",20180615
"22,812.00","22,814.50","22,808.00",20180614
"22,810.00","22,819.50","22,812.00",20180613
"22,812.00","22,818.50","22,805.50",20180612
"22,814.00","22,816.50","22,814.50",20180611
"22,790.00","22,797.50","22,793.00",20186208
"22,801.00","22,807.50","22,801.50",20186207
"22,805.00","22,829.50","22,806.00",20186206
"22,829.00","22,829.50","22,813.50",20186205
"22,826.00","22,828.00","22,792.00",20186204
"22,796.00","22,802.00","22,789.50",20186201
"22,804.00","22,817.50","22,775.00",20180531
"22,850.00","22,875.50","22,840.00",20180530
"22,830.00","22,845.50","22,832.50",20180529
"22,814.00","22,817.00","22,770.00",20180528
"22,769.00","22,783.00","22,770.00",20180525
"22,777.00","22,780.00","22,775.00",20180524
"22,773.00","22,775.00","22,767.00",20180523
"22,769.00","22,771.00","22,765.00",20180522
"22,770.00","22,777.00","22,767.00",20180521
"22,785.00","22,786.00","22,775.00",20180518
"22,773.00","22,776.50","22,773.50",20180517
"22,770.00","22,775.00","22,772.00",20180516
"22,768.00","22,773.00","22,768.50",20180515
"22,765.00","22,770.50","22,766.00",20180514
"22,769.00","22,775.00","22,768.50",20180511
"22,769.00","22,775.00","22,770.00",20180510
"22,774.00","22,777.00","22,770.00",20185209
"22,772.00","22,773.50","22,770.00",20185208
"22,767.00","22,790.50","22,762.50",20185207
"22,767.00","22,772.00","22,764.50",20185204
"22,762.00","22,767.00","22,760.00",20185203
"22,760.00","22,765.00","22,761.00",20185202
"22,763.00","22,763.00","22,763.00",20185201
"22,763.00","22,763.00","22,763.00",20180430
"22,763.00","22,767.50","22,760.50",20180427
"22,765.00","22,769.00","22,766.00",20180426
"22,768.00","22,768.00","22,768.00",20180425
"22,768.00","22,771.50","22,766.50",20180424
"22,769.00","22,773.00","22,770.00",20180423
"22,771.00","22,776.00","22,770.00",20180420
"22,778.00","22,781.50","22,773.00",20180419
"22,773.00","22,774.50","22,770.00",20180418
"22,770.00","22,777.00","22,767.00",20180417
"22,775.00","22,788.00","22,774.00",20180416
"22,784.00","22,806.00","22,783.50",20180413
"22,786.00","22,790.50","22,786.00",20180412
"22,788.00","22,792.50","22,787.00",20180411
"22,790.00","22,811.00","22,789.50",20180410
"22,790.00","22,812.50","22,788.50",20184209
"22,800.00","22,812.50","22,801.00",20184206
"22,813.00","22,814.00","22,806.00",20184205
"22,815.00","22,817.50","22,810.00",20184204
"22,809.00","22,814.00","22,787.00",20184203
"22,792.00","22,793.50","22,782.00",20184202
"22,793.00","22,810.00","22,787.50",20180330
"22,809.00","22,819.00","22,807.00",20180329
"22,818.00","22,822.00","22,813.00",20180328
"22,815.00","22,815.50","22,809.00",20180327
"22,810.00","22,815.00","22,797.50",20180326
"22,802.00","22,803.50","22,785.00",20180323
"22,794.00","22,795.00","22,774.50",20180322
"22,773.50","22,777.50","22,772.30",20180321
"22,774.00","22,779.00","22,763.50",20180320
"22,765.00","22,771.50","22,765.50",20180319
"22,764.00","22,766.50","22,762.50",20180316
"22,767.00","22,769.00","22,761.00",20180315
"22,765.00","22,769.50","22,762.00",20180314
"22,762.00","22,769.00","22,755.00",20180313
"22,758.00","22,762.50","22,757.00",20180312
"22,760.00","22,763.50","22,757.00",20183209
"22,756.00","22,761.50","22,755.50",20183208
"22,759.00","22,770.50","22,757.50",20183207
"22,769.00","22,773.00","22,766.00",20183206
"22,765.00","22,769.00","22,761.00",20183205
"22,760.00","22,764.50","22,759.00",20183202
"22,750.00","22,758.00","22,749.00",20183201
"22,756.00","22,759.50","22,749.00",20180228
"22,750.00","22,751.50","22,742.50",20180227
"22,732.00","22,747.50","22,736.50",20180226
"22,740.00","22,742.50","22,736.00",20180223
"22,710.00","22,729.00","22,712.50",20180222
"22,715.00","22,722.00","22,697.50",20180221
"22,685.00","22,700.50","22,692.50",20180220
"22,695.00","22,695.00","22,695.00",20180219
"22,695.00","22,712.50","22,705.00",20180216
"22,695.00","22,695.00","22,695.00",20180215
"22,695.00","22,710.00","22,707.50",20180214
"22,700.00","22,720.00","22,692.50",20180213
"22,702.00","22,708.50","22,689.50",20180212
"22,690.00","22,709.50","22,685.50",20182209
"22,698.00","22,708.50","22,683.50",20182208
"22,691.00","22,712.00","22,694.00",20182207
"22,700.00","22,715.00","22,705.00",20182206
"22,695.00","22,729.00","22,702.50",20182205
"22,709.00","22,710.50","22,708.00",20182202
"22,709.00","22,711.00","22,702.50",20182201
"22,700.00","22,715.00","22,704.50",20180131
"22,700.00","22,715.50","22,705.00",20180130
"22,701.00","22,715.50","22,705.30",20180129
"22,710.00","22,711.00","22,708.50",20180126
"22,701.00","22,718.00","22,705.50",20180125
"22,696.00","22,718.00","22,703.00",20180124
"22,710.00","22,711.00","22,708.00",20180123
"22,701.00","22,715.50","22,705.00",20180122
"22,700.00","22,718.00","22,705.00",20180119
"22,701.00","22,719.50","22,706.00",20180118
"22,700.00","22,718.00","22,704.50",20180117
"22,710.00","22,729.00","22,707.00",20180116
"22,709.00","22,710.50","22,706.90",20180115
"22,708.00","22,710.50","22,707.00",20180112
"22,695.00","22,714.50","22,702.00",20180111
"22,701.00","22,718.50","22,705.40",20180110
"22,709.00","22,710.50","22,707.40",20181209
"22,700.00","22,717.50","22,704.50",20181208
"22,709.00","22,711.00","22,707.00",20181205
"22,710.00","22,718.00","22,705.50",20181204
"22,708.00","22,711.00","22,708.00",20181203
"22,700.00","22,715.50","22,705.00",20181202
"22,700.00","22,700.00","22,700.00",20181201
"22,700.00","22,714.50","22,701.50",20171229
"22,710.00","22,712.50","22,708.00",20171228
"22,710.00","22,712.50","22,709.00",20171227
"22,690.00","22,713.50","22,700.00",20171226
"22,710.50","22,713.00","22,710.00",20171225
"22,701.00","22,719.00","22,706.50",20171222
"22,705.00","22,719.50","22,706.00",20171221
"22,700.00","22,719.80","22,707.00",20171220
"22,701.00","22,721.00","22,707.00",20171219
"22,714.00","22,717.80","22,711.00",20171218
"22,700.00","22,721.50","22,708.00",20171215
"22,705.00","22,720.00","22,708.50",20171214
"22,701.00","22,719.00","22,706.00",20171213
"22,701.00","22,729.00","22,706.00",20171212
"22,700.00","22,717.00","22,705.50",20171211
"22,710.00","22,717.50","22,710.00",20171208
"22,701.00","22,720.50","22,707.00",20171207
"22,705.00","22,720.00","22,710.00",20171206
"22,705.00","22,722.00","22,708.00",20171205
"22,702.00","22,727.50","22,708.50",20171204
"22,700.00","22,727.50","22,707.50",20171201
"22,705.00","22,727.50","22,711.50",20171130
"22,715.00","22,725.00","22,708.00",20171129
"22,705.00","22,726.50","22,710.00",20171128
"22,715.00","22,729.00","22,717.50",20171127
"22,715.00","22,731.50","22,719.00",20171124
"22,727.00","22,731.00","22,716.50",20171123
"22,715.00","22,729.00","22,714.50",20171122
"22,700.00","22,718.00","22,706.50",20171121
"22,700.00","22,729.00","22,705.00",20171120
"22,712.00","22,714.00","22,709.50",20171117
"22,701.00","22,716.00","22,705.00",20171116
"22,701.00","22,717.00","22,706.00",20171115
"22,710.00","22,716.50","22,710.00",20171114
"22,695.00","22,716.50","22,698.00",20171113
"22,701.00","22,720.00","22,707.50",20171110
"22,700.00","22,719.50","22,704.00",20171109
"22,700.00","22,716.50","22,706.50",20171108
"22,701.00","22,719.30","22,706.50",20171107
"22,705.00","22,719.00","22,708.50",20171106
"22,700.00","22,719.00","22,706.00",20171103
"22,700.00","22,719.50","22,706.00",20171102
"22,701.00","22,723.00","22,706.50",20171101
"22,700.00","22,721.50","22,706.50",20171031
"22,700.00","22,719.00","22,708.50",20171030
"22,700.00","22,722.00","22,708.50",20171027
"22,720.00","22,725.50","22,718.00",20171026
"22,720.00","22,733.50","22,719.00",20171025
"22,719.00","22,730.00","22,719.00",20171024
"22,723.00","22,723.50","22,716.50",20171023
"22,718.00","22,719.50","22,716.50",20171020
"22,710.00","22,727.50","22,714.50",20171019
"22,719.00","22,720.50","22,717.00",20171018
"22,718.00","22,720.50","22,716.00",20171017
"22,705.00","22,725.00","22,708.50",20171016
"22,710.00","22,725.50","22,715.00",20171013
"22,719.00","22,722.00","22,716.50",20171012
"22,718.00","22,723.50","22,715.50",20171011
"22,720.00","22,733.50","22,721.50",20171010
"22,725.00","22,729.50","22,725.50",20171009
"22,715.00","22,731.50","22,721.50",20171006
"22,715.00","22,732.00","22,721.50",20171005
"22,720.00","22,737.00","22,723.80",20171004
"22,715.00","22,733.50","22,721.00",20171003
"22,715.00","22,733.50","22,720.50",20171002
"22,720.00","22,736.00","22,723.00",20170929
"22,715.00","22,734.50","22,721.50",20170928
"22,720.00","22,739.00","22,725.00",20170927
"22,720.00","22,737.50","22,726.00",20170926
"22,730.00","22,738.00","22,726.00",20170925
"22,715.00","22,739.50","22,721.00",20170922
"22,720.00","22,733.50","22,724.50",20170921
"22,725.00","22,730.00","22,726.00",20170920
"22,720.00","22,730.50","22,723.50",20170919
"22,721.00","22,730.50","22,723.00",20170918
"22,715.00","22,730.00","22,720.50",20170915
"22,720.00","22,728.00","22,723.00",20170914
"22,720.00","22,729.00","22,723.00",20170913
"22,720.00","22,734.00","22,723.00",20170912
"22,710.00","22,730.00","22,718.00",20170911
"22,725.00","22,728.00","22,725.00",20179208
"22,720.00","22,732.00","22,724.00",20179207
"22,720.00","22,733.00","22,724.00",20179206
"22,728.00","22,733.00","22,727.50",20179205
"22,725.00","22,725.00","22,725.00",20179204
"22,725.00","22,735.50","22,727.50",20179201
"22,715.00","22,735.50","22,723.00",20170831
"22,725.00","22,740.50","22,728.00",20170830
"22,725.00","22,740.50","22,727.50",20170829
"22,725.00","22,738.50","22,727.50",20170828
"22,732.00","22,738.00","22,729.50",20170825
"22,738.00","22,739.00","22,725.00",20170824
"22,730.00","22,738.50","22,726.50",20170823
"22,728.00","22,729.00","22,726.50",20170822
"22,727.00","22,729.00","22,726.50",20170821
"22,728.00","22,731.50","22,726.50",20170818
"22,728.00","22,729.00","22,726.00",20170817
"22,727.00","22,728.50","22,725.50",20170816
"22,727.00","22,728.50","22,726.00",20170815
"22,727.00","22,731.00","22,725.50",20170814
"22,727.00","22,730.00","22,726.50",20170811
"22,730.00","22,735.00","22,728.00",20170810
"22,729.00","22,732.50","22,728.00",20178209
"22,725.00","22,738.50","22,727.50",20178208
"22,730.00","22,740.00","22,729.00",20178207
"22,725.00","22,753.00","22,717.50",20178204
"22,725.00","22,752.00","22,712.50",20178203
"22,720.00","22,745.00","22,709.00",20178202
"22,720.00","22,747.00","22,711.00",20178201
"22,726.00","22,761.00","22,711.50",20170731
"22,728.00","22,748.50","22,714.50",20170728
"22,700.00","22,751.00","22,715.50",20170727
"22,705.00","22,748.50","22,716.00",20170726
"22,725.00","22,752.50","22,716.00",20170725
"22,710.00","22,752.50","22,715.00",20170724
"22,700.00","22,752.50","22,711.50",20170721
"22,725.00","22,749.50","22,717.00",20170720
"22,730.00","22,739.50","22,727.50",20170719
"22,715.00","22,744.00","22,709.50",20170718
"22,715.00","22,762.00","22,707.50",20170717
"22,705.00","22,751.00","22,714.00",20170714
"22,705.00","22,748.00","22,716.00",20170713
"22,705.00","22,755.00","22,711.00",20170712
"22,700.00","22,768.50","22,716.50",20170711
"22,705.00","22,773.50","22,721.50",20170710
"22,705.00","22,762.00","22,721.50",20177207
"22,730.00","22,757.00","22,724.50",20177206
"22,735.00","22,759.00","22,719.50",20177205
"22,736.00","22,753.50","22,718.00",20177204
"22,735.00","22,752.50","22,717.00",20177203
"22,700.00","22,752.00","22,713.00",20170630
"22,725.00","22,756.50","22,720.00",20170629
"22,725.00","22,761.00","22,718.50",20170628
"22,700.00","22,759.00","22,713.00",20170627
"22,705.00","22,752.50","22,710.00",20170626
"22,710.00","22,740.00","22,708.00",20170623
"22,670.00","22,741.00","22,687.50",20170622
"22,675.00","22,743.00","22,696.50",20170621
"22,720.00","22,740.50","22,685.00",20170620
"22,700.00","22,761.00","22,671.00",20170619
"22,685.00","22,700.00","22,668.00",20170616
"22,670.00","22,728.00","22,670.50",20170615
"22,700.00","22,720.00","22,683.50",20170614
"22,690.00","22,716.50","22,675.00",20170613
"22,685.00","22,710.50","22,671.00",20170612
"22,675.00","22,709.00","22,670.00",20176209
"22,685.00","22,767.50","22,673.00",20176208
"22,700.00","22,740.50","22,686.00",20176207
"22,700.00","22,740.50","22,700.00",20176206
"22,700.00","22,728.50","22,695.00",20176205
"22,675.00","22,733.00","22,688.00",20176202
"22,700.00","22,728.00","22,679.00",20176201
"22,710.00","22,730.50","22,687.50",20170531
"22,700.00","22,776.50","22,691.00",20170530
"22,740.00","22,762.00","22,637.50",20170529
"22,675.00","22,750.00","22,685.00",20170526
"22,625.00","22,706.50","22,654.00",20170525
"22,600.00","22,706.50","22,642.00",20170524
"22,675.00","22,730.00","22,670.50",20170523
"22,625.00","22,748.00","22,660.50",20170522
"22,600.00","22,725.00","22,650.00",20170519
"22,680.00","22,713.00","22,670.50",20170518
"22,630.00","22,702.00","22,656.50",20170517
"22,600.00","22,697.50","22,640.00",20170516
"22,678.00","22,736.50","22,664.00",20170515
"22,690.00","22,765.50","22,672.00",20170512
"22,722.00","22,763.00","22,707.50",20170511
"22,738.00","22,754.00","22,713.50",20170510
"22,730.00","22,752.50","22,716.50",20175209
"22,690.00","22,755.00","22,710.00",20175208
"22,730.00","22,755.50","22,713.00",20175205
"22,740.00","22,769.00","22,718.00",20175204
"22,740.00","22,762.00","22,718.00",20175203
"22,700.00","22,700.00","22,700.00",20175202
"22,700.00","22,762.50","22,740.00",20175201
"22,740.00","22,755.00","22,709.50",20170428
"22,730.00","22,766.00","22,717.00",20170427
"22,710.00","22,769.50","22,697.50",20170426
"22,760.00","22,770.00","22,707.50",20170425
"22,715.00","22,735.00","22,690.00",20170424
"22,650.00","22,767.50","22,682.00",20170421
"22,690.00","22,763.50","22,712.00",20170420
"22,734.00","22,787.50","22,705.00",20170419
"22,650.00","22,803.00","22,680.00",20170418
"22,670.00","22,745.00","22,681.00",20170417
"22,750.00","22,787.50","22,652.00",20170414
"22,590.00","22,725.00","22,634.00",20170413
"22,670.00","22,687.00","22,646.00",20170412
"22,653.00","22,693.00","22,630.00",20170411
"22,595.00","22,722.50","22,632.50",20170410
"22,605.00","22,733.50","22,632.50",20174207
"22,640.00","22,707.50","22,690.00",20174206
"22,680.00","22,735.00","22,676.50",20174205
"22,690.00","22,780.50","22,681.00",20174204
"22,730.00","22,797.00","22,720.00",20174203
"22,750.00","22,784.00","22,737.50",20170331
"22,765.00","22,786.50","22,738.50",20170330
"22,773.00","22,805.00","22,751.00",20170329
"22,770.00","22,792.50","22,751.00",20170328
"22,773.00","22,797.50","22,761.00",20170327
"22,785.00","22,805.00","22,760.00",20170324
"22,790.00","22,810.00","22,757.50",20170323
"22,773.00","22,789.00","22,760.50",20170322
"22,780.00","22,812.00","22,766.00",20170321
"22,790.00","22,830.00","22,772.00",20170320
"22,782.00","22,821.50","22,755.00",20170317
"22,770.00","22,821.50","22,752.50",20170316
"22,825.00","22,837.50","22,792.50",20170315
"22,800.00","22,822.00","22,785.00",20170314
"22,800.00","22,836.00","22,780.00",20170313
"22,760.00","22,826.00","22,713.50",20170310
"22,800.00","22,837.50","22,784.50",20173209
"22,795.00","22,810.00","22,774.50",20173208
"22,800.00","22,822.50","22,781.00",20173207
"22,800.00","22,850.00","22,790.00",20173206
"22,840.00","22,860.00","22,812.50",20173203
"22,815.00","22,840.00","22,765.50",20173202
"22,790.00","22,820.00","22,758.50",20173201
"22,750.00","22,817.50","22,740.00",20170228
"22,777.00","22,842.50","22,767.50",20170227
"22,815.00","22,850.00","22,802.00",20170224
"22,790.00","22,852.00","22,755.00",20170223
"22,830.00","22,862.50","22,805.00",20170222
"22,830.00","22,845.00","22,797.50",20170221
"22,814.00","22,837.50","22,765.00",20170220
"22,760.00","22,805.00","22,710.00",20170217
"22,760.00","22,792.50","22,742.50",20170216
"22,775.00","22,782.50","22,732.50",20170215
"22,740.00","22,750.00","22,662.00",20170214
"22,670.00","22,685.00","22,582.50",20170213
"22,640.00","22,672.50","22,582.50",20170210
"22,665.00","22,695.00","22,657.50",20172209
"22,650.00","22,672.50","22,572.50",20172208
"22,590.00","22,615.00","22,567.50",20172207
"22,580.00","22,637.50","22,576.50",20172206
"22,615.00","22,660.00","22,614.00",20172203
"22,640.00","22,645.00","22,552.50",20172202
"22,590.00","22,590.00","22,590.00",20172201
"22,590.00","22,590.00","22,590.00",20170131
"22,590.00","22,590.00","22,590.00",20170130
"22,590.00","22,590.00","22,590.00",20170127
"22,590.00","22,590.00","22,590.00",20170126
"22,590.00","22,605.00","22,562.50",20170125
"22,570.00","22,585.00","22,545.00",20170124
"22,550.00","22,585.00","22,542.50",20170123
"22,570.00","22,586.50","22,547.50",20170120
"22,564.00","22,574.00","22,562.50",20170119
"22,572.00","22,586.00","22,555.00",20170118
"22,570.00","22,586.00","22,555.00",20170117
"22,570.00","22,585.00","22,544.50",20170116
"22,560.00","22,587.50","22,549.50",20170113
"22,570.00","22,640.00","22,549.50",20170112
"22,570.00","22,591.00","22,551.50",20170111
"22,570.00","22,595.00","22,555.00",20170110
"22,580.00","22,582.50","22,520.00",20171209
"22,560.00","22,595.00","22,547.50",20171206
"22,675.00","22,777.50","22,637.50",20171205
"22,725.00","22,748.00","22,700.00",20171204
"22,745.00","22,775.00","22,725.00",20171203
"22,770.00","22,770.00","22,770.00",20171202
"22,770.00","22,790.00","22,742.50",20161230
"22,777.00","22,794.00","22,751.00",20161229
"22,770.00","22,785.00","22,749.00",20161228
"22,762.00","22,781.00","22,740.50",20161227
"22,762.00","22,782.50","22,730.50",20161226
"22,755.00","22,779.00","22,735.00",20161223
"22,759.00","22,763.00","22,757.00",20161222
"22,766.00","22,783.50","22,754.00",20161221
"22,760.00","22,779.00","22,737.00",20161220
"22,755.00","22,766.00","22,755.00",20161219
"22,745.00","22,757.50","22,750.00",20161216
"22,740.00","22,765.00","22,719.00",20161215
"22,710.00","22,745.00","22,626.50",20161214
"22,655.00","22,678.00","22,595.00",20161213
"22,620.00","22,667.50","22,612.50",20161212
"22,585.00","22,620.00","22,570.00",20161209
"22,630.00","22,700.00","22,627.00",20161208
"22,680.00","22,747.50","22,692.50",20161207
"22,720.00","22,750.00","22,709.00",20161206
"22,710.00","22,735.00","22,660.00",20161205
"22,660.00","22,730.00","22,669.00",20161202
"22,680.00","22,715.00","22,675.00",20161201
"22,640.00","22,692.50","22,645.00",20161130
"22,670.00","22,735.00","22,660.00",20161129
"22,700.00","22,750.00","22,690.00",20161128
"22,725.00","22,780.00","22,660.00",20161125
"22,760.00","22,777.50","22,666.00",20161124
"22,554.00","22,667.50","22,594.50",20161123
"22,478.00","22,563.00","22,508.00",20161122
"22,560.00","22,575.00","22,522.50",20161121
"22,456.00","22,590.00","22,470.00",20161118
"22,366.00","22,437.00","22,362.50",20161117
"22,381.00","22,406.50","22,354.50",20161116
"22,307.00","22,372.00","22,300.00",20161115
"22,304.00","22,365.00","22,290.00",20161114
"22,320.00","22,340.00","22,304.00",20161111
"22,275.00","22,355.00","22,295.00",20161110
"22,268.00","22,361.00","22,301.50",20161109
"22,312.00","22,358.50","22,322.00",20161108
"22,295.00","22,352.50","22,290.00",20161107
"22,268.00","22,346.50","22,296.00",20161104
"22,268.00","22,345.50","22,293.80",20161103
"22,268.00","22,342.50","22,293.80",20161102
"22,284.00","22,346.50","22,303.50",20161101
"22,284.00","22,341.50","22,303.50",20161031
"22,283.00","22,344.00","22,304.00",20161028
"22,325.00","22,352.00","22,317.00",20161027
"22,313.00","22,356.00","22,309.50",20161026
"22,283.00","22,354.00","22,299.00",20161025
"22,265.00","22,339.50","22,287.50",20161024
"22,273.00","22,337.50","22,283.00",20161021
"22,258.00","22,330.00","22,281.00",20161020
"22,255.00","22,329.00","22,281.30",20161019
"22,265.00","22,328.30","22,280.50",20161018
"22,308.00","22,324.50","22,291.80",20161017
"22,256.00","22,327.00","22,280.00",20161014
"22,253.00","22,326.00","22,277.00",20161013
"22,248.00","22,323.00","22,275.00",20161012
"22,258.00","22,322.00","22,277.00",20161011
"22,295.00","22,319.00","22,285.50",20161010
"22,253.00","22,322.50","22,278.00",20161007
"22,253.00","22,323.50","22,279.00",20161006
"22,275.00","22,325.50","22,290.30",20161005
"22,283.00","22,326.00","22,291.00",20161004
"22,304.00","22,324.50","22,281.50",20161003
"22,281.00","22,324.50","22,282.50",20160930
"22,280.00","22,328.00","22,281.80",20160929
"22,291.00","22,332.50","22,286.00",20160928
"22,278.00","22,339.00","22,286.00",20160927
"22,289.00","22,340.00","22,296.00",20160926
"22,289.00","22,330.00","22,281.00",20160923
"22,283.00","22,336.50","22,291.50",20160922
"22,298.00","22,351.00","22,296.50",20160921
"22,276.00","22,336.50","22,288.50",20160920
"22,261.00","22,333.00","22,281.00",20160919
"22,288.00","22,330.50","22,285.00",20160916
"22,283.00","22,329.50","22,279.50",20160915
"22,258.00","22,326.50","22,267.00",20160914
"22,278.00","22,318.50","22,285.50",20160913
"22,226.00","22,318.00","22,263.50",20160912
"22,277.00","22,315.50","22,285.30",20169209
"22,255.00","22,317.50","22,274.00",20169208
"22,277.00","22,312.50","22,288.00",20169207
"22,276.00","22,315.50","22,275.50",20169206
"22,301.00","22,320.00","22,281.00",20169205
"22,251.00","22,294.50","22,281.50",20169202
"22,273.00","22,320.00","22,285.50",20169201
"22,300.00","22,323.50","22,281.00",20160831
"22,248.00","22,335.50","22,278.50",20160830
"22,248.00","22,335.50","22,275.00",20160829
"22,283.00","22,331.50","22,281.00",20160826
"22,278.00","22,328.30","22,280.00",20160825
"22,276.00","22,324.50","22,274.00",20160824
"22,275.00","22,323.50","22,274.00",20160823
"22,248.00","22,321.80","22,263.00",20160822
"22,248.00","22,319.80","22,274.00",20160819
"22,257.00","22,316.30","22,278.50",20160818
"22,279.00","22,315.80","22,285.00",20160817
"22,278.00","22,315.00","22,280.00",20160816
"22,278.00","22,332.50","22,280.00",20160815
"22,298.00","22,330.00","22,289.00",20160812
"22,278.00","22,329.00","22,288.00",20160811
"22,276.00","22,326.00","22,280.00",20160810
"22,273.00","22,324.00","22,269.00",20168209
"22,238.00","22,322.50","22,267.00",20168208
"22,295.00","22,315.00","22,280.00",20168205
"22,260.00","22,315.00","22,280.00",20168204
"22,234.00","22,318.50","22,267.50",20168203
"22,278.00","22,319.00","22,255.00",20168202
"22,253.00","22,315.00","22,275.50",20168201
"22,273.00","22,313.00","22,285.50",20160729
"22,278.00","22,315.00","22,284.50",20160728
"22,300.00","22,316.00","22,285.50",20160727
"22,278.00","22,313.50","22,290.00",20160726
"22,278.00","22,310.50","22,291.50",20160725
"22,282.00","22,306.50","22,290.50",20160722
"22,280.00","22,317.30","22,286.50",20160721
"22,248.00","22,319.50","22,275.50",20160720
"22,270.00","22,316.00","22,285.50",20160719
"22,278.00","22,316.00","22,285.50",20160718
"22,278.00","22,326.00","22,269.50",20160715
"22,277.00","22,309.50","22,289.50",20160714
"22,279.00","22,323.00","22,290.50",20160713
"22,254.00","22,318.50","22,277.50",20160712
"22,273.00","22,308.50","22,286.50",20160711
"22,275.00","22,305.00","22,287.50",20167208
"22,278.00","22,336.00","22,290.50",20167207
"22,278.00","22,337.50","22,292.00",20167206
"22,305.00","22,310.50","22,303.00",20167205
"22,305.00","22,310.50","22,303.00",20167204
"22,281.00","22,335.50","22,292.00",20167201
"22,281.00","22,337.00","22,281.50",20160630
"22,258.00","22,335.00","22,285.50",20160629
"22,265.00","22,350.50","22,285.50",20160628
"22,313.00","22,362.00","22,280.50",20160627
"22,288.00","22,352.50","22,280.50",20160624
"22,281.00","22,318.50","22,287.50",20160623
"22,257.00","22,317.50","22,278.50",20160622
"22,322.00","22,415.00","22,285.00",20160621
"22,322.00","22,428.00","22,295.00",20160620
"22,322.00","22,415.00","22,285.50",20160617
"22,262.00","22,332.50","22,285.00",20160616
"22,322.00","22,415.00","22,299.00",20160615
"22,344.00","22,436.00","22,288.00",20160614
"22,344.00","22,436.00","22,307.50",20160613
"22,320.00","22,357.50","22,317.50",20160610
"22,296.00","22,372.50","22,320.00",20166209
"22,288.00","22,367.50","22,310.50",20166208
"22,318.00","22,397.50","22,329.50",20166207
"22,348.00","22,474.50","22,340.00",20166206
"22,388.00","22,458.50","22,389.50",20166203
"22,364.00","22,470.50","22,400.50",20166202
"22,409.00","22,461.00","22,410.00",20166201
"22,366.00","22,412.50","22,376.00",20160531
"22,415.00","22,437.50","22,390.50",20160530
"22,370.00","22,401.00","22,367.50",20160527
"22,356.00","22,382.50","22,315.50",20160526
"22,306.00","22,357.00","22,313.50",20160525
"22,309.00","22,333.50","22,293.00",20160524
"22,276.00","22,323.00","22,295.00",20160523
"22,315.00","22,320.00","22,315.00",20160520
"22,313.00","22,317.50","22,307.50",20160519
"22,234.00","22,316.00","22,269.00",20160518
"22,278.00","22,323.50","22,287.00",20160517
"22,234.00","22,370.00","22,267.50",20160516
"22,310.00","22,321.50","22,276.00",20160513
"22,300.00","22,322.00","22,278.50",20160512
"22,252.00","22,301.50","22,271.50",20160511
"22,271.00","22,314.00","22,268.00",20160510
"22,251.00","22,302.50","22,265.50",20165209
"22,241.00","22,311.50","22,266.50",20165206
"22,228.00","22,320.50","22,259.00",20165205
"22,228.00","22,322.50","22,259.00",20165204
"22,228.00","22,297.00","22,279.00",20165203
"22,222.00","22,310.50","22,257.00",20165202
"22,244.00","22,316.00","22,266.00",20160429
"22,278.00","22,303.50","22,279.00",20160428
"22,244.00","22,306.00","22,267.50",20160427
"22,254.00","22,305.00","22,272.00",20160426
"22,276.00","22,305.00","22,277.50",20160425
"22,266.00","22,342.50","22,274.50",20160422
"22,266.00","22,341.00","22,277.50",20160421
"22,271.00","22,345.50","22,277.00",20160420
"22,272.00","22,352.50","22,277.50",20160419
"22,282.00","22,342.00","22,337.00",20160418
"22,282.00","22,361.00","22,287.50",20160415
"22,288.00","22,359.00","22,275.00",20160414
"22,278.00","22,349.00","22,276.50",20160413
"22,238.00","22,348.50","22,260.50",20160412
"22,285.00","22,348.00","22,288.00",20160411
"22,289.00","22,295.00","22,287.30",20164208
"22,260.00","22,320.00","22,274.80",20164207
"22,265.00","22,314.80","22,280.00",20164206
"22,274.00","22,346.50","22,278.50",20164205
"22,273.00","22,346.50","22,276.50",20164204
"22,272.00","22,343.50","22,282.00",20164201
"22,264.00","22,343.50","22,277.00",20160331
"22,228.00","22,341.50","22,261.50",20160330
"22,301.00","22,363.50","22,301.50",20160329
"22,301.00","22,363.50","22,295.00",20160328
"22,300.00","22,345.00","22,301.50",20160325
"22,323.00","22,376.00","22,288.50",20160324
"22,345.00","22,380.00","22,287.50",20160323
"22,290.00","22,307.50","22,290.00",20160322
"22,268.00","22,300.50","22,280.00",20160321
"22,270.00","22,314.00","22,264.50",20160318
"22,247.00","22,296.50","22,269.50",20160317
"22,290.00","22,298.50","22,292.50",20160316
"22,282.00","22,297.00","22,287.00",20160315
"22,268.00","22,309.50","22,254.50",20160314
"22,238.00","22,307.50","22,254.50",20160311
"22,219.00","22,308.00","22,254.50",20160310
"22,273.00","22,375.00","22,284.50",20163209
"22,276.00","22,303.50","22,285.00",20163208
"22,272.00","22,368.50","22,281.00",20163207
"22,219.00","22,325.50","22,254.50",20163204
"22,268.00","22,317.00","22,273.50",20163203
"22,310.00","22,332.00","22,292.00",20163202
"22,297.00","22,317.00","22,284.00",20163201
"22,277.00","22,400.00","22,282.00",20160229
"22,293.00","22,369.00","22,265.50",20160226
"22,301.00","22,366.50","22,307.50",20160225
"22,348.00","22,398.50","22,344.50",20160224
"22,335.00","22,397.50","22,344.00",20160223
"22,358.00","22,402.00","22,337.50",20160222
"22,333.00","22,392.50","22,323.50",20160219
"22,316.00","22,397.50","22,343.00",20160218
"22,356.00","22,421.50","22,364.50",20160217
"22,348.00","22,403.50","22,360.50",20160216
"22,330.00","22,385.00","22,320.00",20160215
"22,246.00","22,319.00","22,286.00",20160212
"22,214.00","22,287.00","22,275.00",20160211
"22,214.00","22,288.00","22,275.00",20160210
"22,192.00","22,288.00","22,264.00",20162209
"22,214.00","22,287.00","22,275.00",20162208
"22,236.00","22,325.50","22,262.50",20162205
"22,288.00","22,300.00","22,284.50",20162204
"22,219.00","22,314.50","22,257.00",20162203
"22,263.00","22,310.00","22,213.50",20162202
"22,236.00","22,293.00","22,206.00",20162201
"22,198.00","22,257.50","22,214.00",20160129
"22,171.00","22,300.00","22,213.00",20160128
"22,268.00","22,330.00","22,284.00",20160127
"22,303.00","22,387.50","22,296.50",20160126
"22,314.00","22,476.00","22,348.50",20160125
"22,392.00","22,477.00","22,381.00",20160122
"22,336.00","22,475.00","22,376.50",20160121
"22,396.00","22,477.00","22,408.00",20160120
"22,392.00","22,477.00","22,401.00",20160119
"22,365.00","22,467.50","22,376.50",20160118
"22,415.00","22,479.50","22,409.00",20160115
"22,436.00","22,493.50","22,409.00",20160114
"22,393.00","22,475.00","22,392.50",20160113
"22,428.00","22,482.00","22,390.00",20160112
"22,418.00","22,505.00","22,419.50",20160111
"22,426.00","22,489.00","22,450.50",20161208
"22,428.00","22,510.00","22,445.00",20161207
"22,465.00","22,507.50","22,465.00",20161206
"22,458.00","22,507.00","22,445.00",20161205
"22,424.00","22,524.50","22,438.00",20161204
"22,480.00","22,480.00","22,480.00",20161201
"22,480.00","22,505.00","22,461.50",20151231
"22,406.00","22,546.00","22,434.50",20151230
"22,470.00","22,493.50","22,467.50",20151229
"22,517.00","22,532.00","22,463.50",20151228
"22,540.00","22,546.00","22,537.00",20151225
"22,517.00","22,546.50","22,470.00",20151224
"22,517.00","22,546.50","22,532.00",20151223
"22,546.00","22,546.50","22,543.50",20151222
"22,545.00","22,546.50","22,532.00",20151221
"22,496.00","22,548.00","22,521.50",20151218
"22,499.00","22,548.50","22,523.00",20151217
"22,517.00","22,546.50","22,532.00",20151216
"22,530.00","22,580.00","22,537.50",20151215
"22,500.00","22,546.00","22,484.00",20151214
"22,490.00","22,500.00","22,477.50",20151211
"22,470.00","22,488.50","22,475.00",20151210
"22,470.00","22,494.50","22,457.50",20151209
"22,460.00","22,476.50","22,460.00",20151208
"22,475.00","22,486.00","22,453.50",20151207
"22,470.00","22,503.50","22,462.50",20151204
"22,480.00","22,498.00","22,472.50",20151203
"22,495.00","22,505.00","22,487.50",20151202
"22,488.00","22,522.50","22,482.50",20151201
"22,468.00","22,522.50","22,470.00",20151130
"22,475.00","22,492.50","22,477.50",20151127
"22,480.00","22,515.00","22,465.00",20151126
"22,468.00","22,528.50","22,468.50",20151125
"22,468.00","22,517.50","22,471.50",20151124
"22,485.00","22,500.00","22,417.00",20151123
"22,465.00","22,492.00","22,452.50",20151120
"22,470.00","22,486.00","22,450.00",20151119
"22,430.00","22,486.00","22,450.00",20151118
"22,470.00","22,478.50","22,442.50",20151117
"22,430.00","22,452.00","22,416.50",20151116
"22,415.00","22,428.00","22,387.50",20151113
"22,395.00","22,421.00","22,377.50",20151112
"22,380.00","22,410.50","22,377.50",20151111
"22,390.00","22,420.00","22,400.50",20151110
"22,420.00","22,427.50","22,341.00",20151109
"22,356.00","22,364.00","22,322.50",20151106
"22,313.00","22,357.00","22,318.50",20151105
"22,312.00","22,357.50","22,308.50",20151104
"22,316.00","22,363.00","22,294.00",20151103
"22,298.00","22,349.50","22,287.50",20151102
"22,309.00","22,341.00","22,299.00",20151030
"22,313.00","22,350.00","22,305.00",20151029
"22,304.00","22,337.50","22,292.50",20151028
"22,306.00","22,347.50","22,302.50",20151027
"22,298.00","22,395.00","22,302.50",20151026
"22,384.00","22,397.00","22,275.00",20151023
"22,276.00","22,320.00","22,279.00",20151022
"22,384.00","22,397.00","22,287.50",20151021
"22,382.00","22,398.00","22,302.50",20151020
"22,386.00","22,396.00","22,275.00",20151019
"22,236.00","22,340.00","22,258.00",20151016
"22,384.00","22,400.50","22,325.00",20151015
"22,390.00","22,425.00","22,385.00",20151014
"22,384.00","22,418.00","22,390.00",20151013
"22,330.00","22,422.50","22,165.00",20151012
"22,193.00","22,244.50","22,140.00",20151009
"22,174.00","22,334.00","22,162.00",20151008
"22,467.00","22,521.00","22,404.00",20151007
"22,469.00","22,520.50","22,443.00",20151006
"22,476.00","22,496.00","22,464.00",20151005
"22,470.00","22,522.50","22,464.00",20151002
"22,471.00","22,521.50","22,460.00",20151001
"22,471.00","22,524.50","22,465.00",20150930
"22,464.00","22,533.00","22,462.00",20150929
"22,473.00","22,532.00","22,457.50",20150928
"22,471.00","22,530.50","22,467.50",20150925
"22,483.00","22,498.50","22,467.50",20150924
"22,478.00","22,525.50","22,462.50",20150923
"22,473.00","22,521.00","22,456.00",20150922
"22,458.00","22,526.50","22,454.00",20150921
"22,458.00","22,520.50","22,446.00",20150918
"22,493.00","22,522.50","22,487.50",20150917
"22,478.00","22,528.00","22,449.50",20150916
"22,503.00","22,533.00","22,456.50",20150915
"22,419.00","22,544.50","22,448.50",20150914
"22,530.00","22,546.50","22,460.00",20150911
"22,530.00","22,545.50","22,466.00",20150910
"22,470.00","22,497.00","22,462.50",20159209
"22,532.00","22,546.50","22,459.50",20159208
"22,467.00","22,496.00","22,459.50",20159207
"22,470.00","22,493.00","22,464.50",20159204
"22,460.00","22,507.50","22,467.00",20159203
"22,475.00","22,475.00","22,475.00",20159202
"22,475.00","22,502.50","22,460.00",20159201
"22,480.00","22,490.00","22,454.50",20150831
"22,460.00","22,548.50","22,452.50",20150828
"22,534.00","22,546.50","22,468.50",20150827
"22,534.00","22,550.50","22,520.00",20150826
"22,536.00","22,572.50","22,502.50",20150825
"22,536.00","22,549.00","22,455.00",20150824
"22,488.00","22,519.50","22,355.00",20150821
"22,363.00","22,412.00","22,365.00",20150820
"22,364.00","22,422.00","22,091.50",20150819
"22,085.00","22,102.50","22,091.00",20150818
"22,090.00","22,100.50","22,087.50",20150817
"22,096.00","22,107.00","22,065.00",20150814
"22,082.00","22,125.00","22,042.50",20150813
"22,018.00","22,070.00","21,818.50",20150812
"21,819.00","21,862.50","21,808.50",20150811
"21,812.00","21,824.50","21,808.00",20150810
"21,806.00","21,820.00","21,810.00",20158207
"21,803.00","21,829.00","21,797.50",20158206
"21,812.00","21,830.50","21,812.00",20158205
"21,809.00","21,827.50","21,792.50",20158204
"21,807.00","21,823.00","21,809.50",20158203
"21,813.00","21,821.50","21,811.50",20150731
"21,811.00","21,827.50","21,801.50",20150730
"21,815.00","21,822.50","21,817.50",20150729
"21,813.00","21,823.50","21,813.00",20150728
"21,814.00","21,834.00","21,812.00",20150727
"21,808.00","21,829.00","21,806.50",20150724
"21,808.00","21,828.00","21,810.50",20150723
"21,814.00","21,825.00","21,814.50",20150722
"21,811.00","21,823.50","21,814.50",20150721
"21,816.00","21,826.00","21,808.50",20150720
"21,809.00","21,820.00","21,806.50",20150717
"21,809.00","21,826.50","21,796.50",20150716
"21,807.00","21,823.00","21,796.00",20150715
"21,807.00","21,828.50","21,795.50",20150714
"21,807.00","21,825.00","21,796.50",20150713
"21,783.00","21,826.00","21,796.80",20150710
"21,807.00","21,825.00","21,797.50",20157209
"21,813.00","21,852.00","21,799.50",20157208
"21,790.00","21,851.50","21,797.50",20157207
"21,796.00","21,847.00","21,760.00",20157206
"21,780.00","21,820.50","21,793.50",20157203
"21,780.00","21,824.50","21,788.00",20157202
"21,780.00","21,829.00","21,793.50",20157201
"21,802.00","21,847.50","21,776.00",20150630
"21,813.00","21,845.00","21,784.00",20150629
"21,810.00","21,844.00","21,778.50",20150626
"21,818.00","21,838.50","21,778.00",20150625
"21,772.00","21,834.50","21,775.00",20150624
"21,778.00","21,826.50","21,770.00",20150623
"21,780.00","21,821.00","21,782.50",20150622
"21,780.00","21,822.50","21,780.00",20150619
"21,785.00","21,822.50","21,777.50",20150618
"21,765.00","21,822.50","21,776.00",20150617
"21,775.00","21,821.50","21,776.00",20150616
"21,775.00","21,815.00","21,780.00",20150615
"21,760.00","21,817.50","21,765.00",20150612
"21,750.00","21,838.50","21,766.00",20150611
"21,775.00","21,815.00","21,770.00",20150610
"21,780.00","21,827.50","21,760.00",20156209
"21,790.00","21,835.00","21,765.00",20156208
"21,785.00","21,825.00","21,767.50",20156205
"21,790.00","21,827.50","21,769.00",20156204
"21,790.00","21,833.50","21,765.00",20156203
"21,790.00","21,833.50","21,765.00",20156202
"21,790.00","21,831.00","21,730.00",20156201
"21,785.00","21,830.00","21,730.00",20150529
"21,785.00","21,835.00","21,770.00",20150528
"21,780.00","21,838.50","21,762.50",20150527
"21,795.00","21,845.00","21,780.00",20150526
"21,830.00","21,852.50","21,765.00",20150525
"21,770.00","21,830.00","21,775.00",20150522
"21,785.00","21,825.00","21,787.50",20150521
"21,790.00","21,832.50","21,782.50",20150520
"21,780.00","21,822.50","21,770.00",20150519
"21,765.00","21,810.00","21,680.00",20150518
"21,735.00","21,810.00","21,750.00",20150515
"21,775.00","21,805.00","21,675.00",20150514
"21,705.00","21,745.00","21,645.00",20150513
"21,680.00","21,727.50","21,657.50",20150512
"21,680.00","21,720.00","21,645.00",20150511
"21,650.00","21,710.00","21,636.50",20155208
"21,645.00","21,722.50","21,630.00",20155207
"21,620.00","21,685.00","21,611.50",20155206
"21,620.00","21,673.50","21,585.00",20155205
"21,600.00","21,645.00","21,570.00",20155204
"21,550.00","21,590.00","21,590.00",20155201
"21,550.00","21,590.00","21,590.00",20150430
"21,550.00","21,590.00","21,590.00",20150429
"21,550.00","21,590.00","21,590.00",20150428
"21,550.00","21,615.00","21,575.00",20150427
"21,565.00","21,620.00","21,546.50",20150424
"21,560.00","21,605.00","21,569.00",20150423
"21,584.00","21,612.50","21,559.00",20150422
"21,555.00","21,616.00","21,557.50",20150421
"21,555.00","21,616.00","21,546.00",20150420
"21,560.00","21,621.50","21,547.50",20150417
"21,602.00","21,625.00","21,550.00",20150416
"21,580.00","21,625.00","21,550.00",20150415
"21,575.00","21,625.00","21,555.00",20150414
"21,580.00","21,620.00","21,555.00",20150413
"21,580.00","21,630.00","21,553.50",20150410
"21,580.00","21,635.00","21,555.00",20154209
"21,580.00","21,640.00","21,552.50",20154208
"21,575.00","21,615.00","21,535.00",20154207
"21,565.00","21,614.00","21,522.50",20154206
"21,565.00","21,615.00","21,535.00",20154203
"21,560.00","21,610.00","21,532.50",20154202
"21,530.00","21,587.50","21,530.00",20154201
"21,520.00","21,567.50","21,515.00",20150331
"21,515.00","21,565.00","21,522.50",20150330
"21,500.00","21,540.00","21,475.00",20150327
"21,485.00","21,530.00","21,465.00",20150326
"21,475.00","21,547.50","21,462.00",20150325
"21,500.00","21,560.00","21,495.00",20150324
"21,490.00","21,547.50","21,435.00",20150323
"21,465.00","21,510.00","21,455.00",20150320
"21,455.00","21,510.00","21,440.00",20150319
"21,475.00","21,527.50","21,457.50",20150318
"21,450.00","21,510.00","21,410.00",20150317
"21,450.00","21,500.00","21,365.00",20150316
"21,360.00","21,410.00","21,355.00",20150313
"21,335.00","21,395.00","21,347.50",20150312
"21,325.00","21,377.50","21,347.50",20150311
"21,320.00","21,390.00","21,342.50",20150310
"21,325.00","21,377.50","21,342.50",20153209
"21,320.00","21,400.00","21,327.50",20153206
"21,350.00","21,372.50","21,340.00",20153205
"21,335.00","21,385.00","21,345.00",20153204
"21,320.00","21,382.50","21,336.00",20153203
"21,320.00","21,379.50","21,332.00",20153202
"21,320.00","21,377.00","21,337.50",20150227
"21,335.00","21,387.00","21,350.00",20150226
"21,335.00","21,372.50","21,327.50",20150225
"21,290.00","21,372.50","21,325.00",20150224
"21,300.00","21,300.00","21,300.00",20150223
"21,300.00","21,300.00","21,300.00",20150220
"21,300.00","21,330.00","21,330.00",20150219
"21,300.00","21,330.00","21,330.00",20150218
"21,300.00","21,330.00","21,330.00",20150217
"21,300.00","21,300.00","21,300.00",20150216
"21,300.00","21,345.00","21,325.00",20150213
"21,237.50","21,365.00","21,276.00",20150212
"21,268.00","21,367.50","21,276.00",20150211
"21,115.00","21,363.80","21,164.00",20150210
"21,307.50","21,363.80","21,269.00",20152209
"21,232.00","21,355.00","21,255.50",20152206
"21,234.00","21,408.00","21,284.00",20152205
"21,358.00","21,408.00","21,235.00",20152204
"21,185.00","21,365.00","21,235.00",20152203
"21,204.00","21,405.00","21,253.00",20152202
"21,267.00","21,365.00","21,279.00",20150130
"21,230.00","21,372.50","21,280.00",20150129
"21,320.00","21,357.50","21,342.50",20150128
"21,320.00","21,360.00","21,345.00",20150127
"21,320.00","21,357.50","21,342.50",20150126
"21,320.00","21,370.00","21,342.50",20150123
"21,330.00","21,380.00","21,345.00",20150122
"21,350.00","21,380.00","21,345.00",20150121
"21,330.00","21,370.00","21,337.50",20150120
"21,330.00","21,355.00","21,340.00",20150119
"21,315.00","21,355.00","21,335.00",20150116
"21,320.00","21,402.50","21,335.00",20150115
"21,310.00","21,397.50","21,335.00",20150114
"21,315.00","21,402.50","21,335.00",20150113
"21,315.00","21,390.00","21,345.00",20150112
"21,340.00","21,400.00","21,350.00",20151209
"21,360.00","21,485.00","21,382.50",20151208
"21,420.00","21,525.00","21,411.50",20151207
"21,420.00","21,439.00","21,385.00",20151206
"21,370.00","21,420.00","21,387.50",20151205
"21,370.00","21,387.50","21,387.50",20151202
"21,370.00","21,370.00","21,370.00",20151201
